RANK,NAME,POS,WEEK_1,WEEK_2,WEEK_3,WEEK_4,WEEK_5,WEEK_6,WEEK_7,WEEK_8,WEEK_9,WEEK_10,WEEK_11,WEEK_12,WEEK_13,WEEK_14,WEEK_15,WEEK_16,WEEK_17,WEEK_18,AVG,TOTAL
1.0,Patrick Mahomes II,QB,34.9,17.3,18.1,24.4,30.5,21.6,27.9,0.0,35.1,32.1,27.5,19.4,19.8,22.8,32.7,23.8,26.5,15.0,25.3,429.4
2.0,Josh Allen,QB,33.5,29.7,26.7,24.5,36.2,26.4,0.0,19.6,26.8,21.6,12.6,30.9,16.9,20.6,35.9,25.0,2.7,22.8,24.2,412.2
3.0,Jalen Hurts,QB,24.7,34.0,27.6,17.0,27.7,16.9,0.0,28.4,20.0,22.8,24.2,29.8,34.4,30.4,36.7,0.0,0.0,9.5,25.6,384.0
4.0,Austin Ekeler,RB,11.2,18.4,13.3,34.9,35.9,24.3,36.7,0.0,24.1,13.3,18.0,25.0,13.2,24.4,15.0,23.9,32.1,9.0,21.9,372.7
5.0,Joe Burrow,QB,22.2,16.6,23.0,20.1,18.3,32.5,39.2,14.5,19.1,0.0,28.7,18.0,30.0,17.6,25.8,25.5,6.3,11.6,21.7,369.0
6.0,Justin Jefferson,WR,39.4,10.8,4.4,31.0,30.3,16.7,0.0,15.8,25.5,35.3,6.3,29.3,18.6,33.3,30.3,31.3,2.5,7.8,21.7,368.7
7.0,Christian McCaffrey,RB,15.7,16.8,13.5,25.8,23.4,22.8,8.2,40.3,0.0,17.7,17.6,8.9,28.6,29.3,25.8,13.8,31.3,16.9,21.0,356.4
8.0,Tyreek Hill,WR,18.0,42.0,5.3,25.9,13.0,29.7,14.2,31.5,27.3,15.4,0.0,15.0,29.6,18.1,21.9,14.3,15.7,4.3,20.1,341.2
9.0,Davante Adams,WR,30.1,9.2,14.2,19.5,27.4,0.0,17.5,1.2,36.6,27.6,33.1,14.4,37.7,10.1,6.8,3.5,34.3,12.3,19.7,335.5
10.0,Josh Jacobs,RB,8.3,9.1,14.7,34.5,30.3,0.0,36.5,7.4,11.7,22.6,19.0,48.3,21.0,19.4,13.0,6.0,19.5,7.0,19.3,328.3
11.0,Stefon Diggs,WR,26.2,44.8,14.4,10.2,24.2,30.8,0.0,22.8,14.3,24.8,14.8,21.7,22.2,6.7,10.7,4.6,4.6,23.4,18.9,321.2
12.0,Travis Kelce,TE,26.1,10.1,17.9,24.2,33.5,19.2,15.8,0.0,20.6,20.1,35.5,15.7,7.6,11.1,20.5,17.3,11.3,9.8,18.6,316.3
13.0,Geno Smith,QB,17.2,7.1,19.9,31.7,24.0,12.7,14.1,19.1,21.8,19.2,0.0,20.3,24.0,22.6,15.3,13.2,17.1,15.6,18.5,314.9
14.0,Justin Fields,QB,14.6,9.8,6.9,10.2,17.0,19.4,24.4,26.0,42.7,40.4,23.6,0.0,21.3,0.0,23.6,9.9,17.2,0.0,20.5,307.0
15.0,Kirk Cousins,QB,19.1,11.8,18.3,13.9,23.2,16.5,0.0,23.5,17.4,17.5,2.2,22.9,11.8,25.0,34.4,24.2,10.9,13.0,18.0,305.6
16.0,Trevor Lawrence,QB,14.4,18.5,25.2,6.7,12.3,24.9,18.7,8.8,16.7,21.0,0.0,24.9,16.4,33.4,27.8,18.3,5.5,10.2,17.9,303.6
17.0,Derrick Henry,RB,8.2,8.5,25.3,23.7,27.2,0.0,16.8,35.8,23.5,8.7,25.4,14.7,5.8,20.5,26.3,18.6,0.0,13.8,18.9,302.8
18.0,CeeDee Lamb,WR,4.9,15.1,22.7,21.7,10.3,12.7,10.6,18.8,0.0,38.0,9.5,17.7,20.4,8.3,19.7,34.0,21.0,16.2,17.7,301.6
19.0,A.J. Brown,WR,25.5,11.9,19.5,14.5,6.2,17.7,0.0,39.6,15.9,1.7,9.0,12.6,31.9,17.0,27.1,16.3,19.7,13.5,17.6,299.6
20.0,Daniel Jones,QB,17.0,13.1,14.7,21.6,12.4,13.5,28.8,9.0,0.0,18.3,26.6,14.5,17.1,19.4,9.9,21.8,36.2,0.0,18.4,294.0
21.0,Jared Goff,QB,16.5,26.0,14.9,34.2,6.9,0.0,3.5,18.6,12.4,14.8,6.5,17.6,21.6,26.1,14.1,25.7,22.4,9.5,17.1,291.3
22.0,Justin Herbert,QB,23.3,24.5,13.6,21.1,14.4,9.4,19.1,0.0,13.1,13.0,20.7,28.8,18.1,19.5,10.7,6.5,16.7,18.8,17.1,291.3
23.0,Saquon Barkley,RB,33.4,11.8,22.6,18.2,19.6,18.5,17.5,15.2,0.0,23.0,5.5,15.2,19.1,6.8,23.0,27.3,7.3,0.0,17.8,284.0
24.0,Nick Chubb,RB,15.3,32.3,17.3,20.7,25.4,8.0,18.7,25.4,0.0,15.1,9.7,20.2,8.0,8.4,9.9,11.2,12.6,23.2,16.6,281.4
25.0,Tom Brady,QB,11.4,9.4,14.7,25.4,19.7,13.7,11.7,17.1,15.2,17.0,0.0,18.0,18.1,12.1,18.6,13.3,37.7,7.4,16.5,280.7
26.0,Amon-Ra St. Brown,WR,20.4,39.4,13.3,0.0,5.8,0.0,1.4,13.9,9.5,22.1,15.0,27.9,34.6,13.4,15.2,14.6,10.2,10.9,16.7,267.6
27.0,Jaylen Waddle,WR,17.7,40.1,15.1,5.9,5.3,16.9,12.8,30.6,19.5,10.6,0.0,13.5,1.9,5.1,20.4,25.3,8.2,10.3,15.2,259.2
28.0,DeVonta Smith,WR,0.0,15.0,30.9,4.7,18.7,15.4,0.0,7.3,4.2,13.9,13.8,9.0,21.2,17.4,17.6,31.3,20.5,13.7,15.0,254.6
29.0,Aaron Rodgers,QB,4.7,16.4,17.1,17.1,16.9,11.8,15.8,16.2,16.6,19.4,19.1,11.5,13.7,0.0,11.9,14.3,16.6,12.2,14.8,251.2
30.0,Rhamondre Stevenson,RB,4.7,6.1,20.1,12.9,19.5,25.1,23.8,21.3,16.0,0.0,14.2,20.2,13.8,3.0,24.8,3.3,7.1,13.2,14.7,249.1
31.0,Tony Pollard,RB,4.2,19.8,10.5,1.8,14.6,7.2,12.9,33.7,0.0,21.8,36.9,8.1,24.6,22.2,14.6,14.0,0.0,1.9,15.6,248.8
32.0,Aaron Jones,RB,10.6,32.0,5.7,14.5,10.0,7.4,28.6,19.7,6.5,23.6,14.0,18.9,10.0,0.0,20.6,5.4,13.3,7.8,14.6,248.6
33.0,Amari Cooper,WR,4.7,25.1,23.1,1.9,20.6,14.4,10.4,23.1,0.0,6.2,31.3,16.4,8.0,6.2,9.8,13.2,25.5,7.1,14.5,247.0
34.0,Lamar Jackson,QB,21.2,42.6,40.4,15.1,15.8,17.1,10.7,21.8,17.5,0.0,16.5,23.1,1.3,0.0,0.0,0.0,0.0,0.0,20.3,243.1
35.0,Ja'Marr Chase,WR,28.9,10.8,12.7,12.1,12.0,32.2,33.0,0.0,0.0,0.0,0.0,0.0,16.7,28.5,19.0,13.9,0.0,22.6,18.6,242.4
36.0,Christian Kirk,WR,17.7,25.8,19.2,8.3,2.1,10.8,17.1,7.0,21.6,31.5,0.0,8.1,16.4,9.5,15.2,5.6,4.1,21.9,14.2,241.9
37.0,Joe Mixon,RB,21.5,11.3,6.8,17.4,11.8,16.8,18.1,12.9,55.1,0.0,9.2,0.0,0.0,12.6,10.4,17.8,1.2,17.8,16.0,240.7
38.0,Tua Tagovailoa,QB,14.8,40.9,11.4,3.4,0.0,0.0,15.9,29.2,24.1,23.4,0.0,16.0,15.8,12.6,18.1,13.4,0.0,0.0,18.4,238.9
39.0,Dalvin Cook,RB,13.8,7.6,13.6,10.6,26.1,15.3,0.0,25.1,13.6,23.6,7.2,9.6,16.3,8.6,27.0,10.7,6.4,2.7,14.0,237.8
40.0,Tyler Lockett,WR,5.8,19.7,16.6,13.1,27.4,3.7,11.5,15.3,17.7,13.2,0.0,15.8,27.8,17.0,13.8,0.0,3.5,15.4,14.8,237.3
41.0,Russell Wilson,QB,17.8,12.1,9.1,27.5,11.2,13.8,0.0,14.8,0.0,15.2,10.7,8.5,9.7,26.6,0.0,11.3,24.6,24.1,15.8,236.8
42.0,Derek Carr,QB,16.8,19.0,20.8,11.5,17.9,0.0,13.5,2.9,18.4,17.9,20.3,22.8,17.0,4.6,20.2,9.4,0.0,0.0,15.5,233.1
43.0,Terry McLaurin,WR,13.8,12.2,16.2,3.5,12.6,8.2,18.3,16.6,10.6,20.8,9.6,9.3,24.5,0.0,13.0,17.7,5.7,16.4,13.5,229.0
44.0,Brandon Aiyuk,WR,6.7,11.3,12.9,7.7,8.8,28.3,15.2,20.1,0.0,12.4,16.0,11.5,9.6,13.7,3.9,13.1,26.7,9.9,13.4,227.8
45.0,Leonard Fournette,RB,15.7,9.4,12.0,18.4,35.9,22.1,4.6,14.8,11.0,11.8,0.0,0.0,14.1,10.6,11.4,25.2,8.7,1.4,14.2,227.1
46.0,DK Metcalf,WR,8.6,7.5,17.4,21.9,17.8,5.4,2.2,17.5,14.7,13.1,0.0,20.0,26.7,18.1,12.5,15.1,1.3,7.0,13.3,226.8
47.0,Jamaal Williams,RB,16.0,7.0,24.7,23.9,5.6,0.0,7.3,22.6,10.1,11.9,24.4,10.6,9.5,3.7,3.3,3.4,22.7,19.2,13.3,225.9
48.0,Mike Evans,WR,18.1,9.1,0.0,30.3,12.1,8.2,18.6,18.3,9.0,10.4,0.0,5.1,9.9,8.4,13.3,5.9,48.7,0.0,15.0,225.4
49.0,Najee Harris,RB,10.6,13.9,13.1,7.4,6.6,12.9,11.0,12.0,0.0,9.9,27.6,10.9,10.2,13.0,14.6,15.5,20.3,14.0,13.1,223.5
50.0,Tee Higgins,WR,4.7,19.1,14.3,25.4,0.0,10.7,14.3,13.9,13.0,0.0,23.8,24.4,12.5,0.0,16.3,26.8,2.3,1.7,14.9,223.2
51.0,Chris Godwin,WR,6.5,0.0,0.0,12.9,12.3,15.5,11.5,13.5,10.7,19.1,0.0,29.0,14.3,10.4,22.3,14.3,21.0,9.5,14.9,222.8
52.0,Miles Sanders,RB,18.5,11.6,5.4,29.6,8.4,14.2,0.0,13.8,15.3,5.4,5.8,31.0,11.8,28.5,1.9,6.1,6.1,3.3,12.7,216.7
53.0,Michael Pittman Jr.,WR,27.1,0.0,15.2,6.1,10.9,26.4,9.8,12.3,5.2,12.3,13.5,19.1,3.6,0.0,19.0,7.9,16.1,12.0,13.5,216.5
54.0,Garrett Wilson,WR,9.2,30.0,12.0,6.1,5.7,1.8,6.4,17.5,17.9,0.0,3.2,26.4,24.2,13.8,13.8,5.0,4.8,17.9,12.7,215.7
55.0,T.J. Hockenson,TE,7.8,5.6,10.8,39.9,1.6,0.0,8.8,11.0,16.0,11.5,8.4,15.3,7.3,11.7,8.3,35.9,12.9,2.6,12.7,215.4
56.0,Dak Prescott,QB,5.5,0.0,0.0,0.0,0.0,0.0,12.3,26.4,0.0,21.2,20.6,16.8,17.8,15.7,22.2,29.0,16.4,9.7,17.8,213.6
57.0,Alvin Kamara,RB,7.6,0.0,7.3,0.0,23.4,18.4,17.5,42.8,9.2,7.5,12.9,7.0,5.7,0.0,12.4,19.0,9.0,12.0,14.1,211.7
58.0,Kyler Murray,QB,20.6,26.9,13.4,23.9,17.2,15.9,17.2,26.6,19.0,0.0,0.0,26.2,0.0,0.7,0.0,0.0,0.0,0.0,18.9,207.5
59.0,Marcus Mariota,QB,19.8,15.4,16.6,4.9,18.0,24.2,12.1,24.4,7.6,18.7,17.7,14.9,11.4,0.0,0.0,0.0,0.0,0.0,15.8,205.6
60.0,Travis Etienne Jr.,RB,8.5,8.3,10.5,3.2,14.4,12.8,18.9,25.2,26.6,10.3,0.0,0.3,7.6,3.2,12.7,14.2,23.0,5.4,12.1,205.1
61.0,Jerry Jeudy,WR,20.2,2.2,3.7,15.3,8.3,8.4,16.6,18.3,0.0,0.0,0.0,0.0,10.5,33.3,14.6,17.7,10.8,24.3,13.6,204.2
62.0,Kenneth Walker III,RB,0.0,3.5,6.3,3.4,14.8,19.0,28.7,12.2,27.9,13.2,0.0,16.9,3.6,0.0,11.9,12.5,15.2,13.4,13.5,202.5
63.0,Cooper Kupp,WR,31.8,31.8,16.4,26.2,25.9,16.7,0.0,22.9,26.8,2.9,0.0,0.0,0.0,0.0,0.0,0.0,0.0,0.0,22.4,201.4
64.0,George Kittle,TE,0.0,0.0,6.8,4.4,7.7,16.3,21.8,12.9,0.0,3.1,24.4,5.6,4.2,6.8,25.3,30.0,12.3,18.9,13.4,200.5
65.0,James Conner,RB,16.5,7.1,8.7,10.7,7.3,0.0,0.0,0.0,11.4,23.6,13.4,21.0,0.0,23.4,18.1,25.0,14.0,0.0,15.4,200.2
66.0,DJ Moore,WR,8.0,13.3,2.5,12.1,10.7,3.7,19.6,27.5,4.4,6.9,5.4,20.3,0.0,0.6,18.3,20.1,23.7,2.0,11.7,199.1
67.0,Chris Olave,WR,9.1,11.0,23.7,16.7,15.4,0.0,17.6,10.2,13.1,7.0,21.2,11.2,10.5,0.0,8.3,0.0,8.2,15.0,13.2,198.2
68.0,Zay Jones,WR,12.5,5.3,24.5,0.0,4.2,9.2,10.8,6.5,9.0,14.8,0.0,27.5,3.6,21.7,34.9,2.1,5.4,6.1,12.4,198.1
69.0,Davis Mills,QB,15.5,7.2,11.8,15.8,5.8,0.0,19.1,9.9,14.0,15.8,11.8,0.0,0.0,6.2,18.9,10.9,9.4,24.5,13.1,196.5
70.0,Jerick McKinnon,RB,7.9,9.6,2.0,1.0,9.2,6.0,6.8,0.0,10.4,11.8,1.4,5.6,14.0,32.4,34.2,12.8,22.6,8.6,11.5,196.3
71.0,D'Andre Swift,RB,26.5,16.7,7.6,0.0,0.0,0.0,0.0,14.3,8.0,8.2,12.2,10.3,21.1,6.9,12.5,3.5,27.7,15.6,13.7,191.1
72.0,Mark Andrews,TE,10.2,25.7,28.9,3.5,22.9,23.6,0.4,6.3,0.0,0.0,12.3,11.0,9.4,3.7,6.1,7.5,19.0,0.0,12.7,190.5
73.0,New England Patriots,DST,4.0,8.0,4.0,11.0,22.0,13.0,5.0,9.0,26.0,0.0,17.0,2.0,4.0,20.0,11.0,14.0,12.0,4.0,10.9,186.0
74.0,Ezekiel Elliott,RB,5.9,5.9,14.5,10.1,7.8,15.6,17.7,0.0,0.0,0.0,17.7,16.5,18.1,17.1,15.1,13.1,9.7,1.0,12.4,185.8
75.0,JuJu Smith-Schuster,WR,11.9,4.0,13.9,9.6,6.3,22.3,25.4,0.0,18.8,5.3,0.0,6.8,6.5,22.4,16.8,5.7,4.1,5.5,11.6,185.3
76.0,Andy Dalton,QB,0.0,0.0,0.0,13.7,10.9,10.5,29.5,17.2,11.9,9.1,22.2,10.3,13.3,0.0,14.1,2.6,7.0,11.0,13.1,183.2
77.0,Mac Jones,QB,9.5,13.7,18.9,0.0,0.0,0.0,1.9,12.7,9.7,0.0,10.1,23.3,12.5,8.3,7.5,17.5,16.3,19.2,12.9,181.1
78.0,Diontae Johnson,WR,12.5,13.7,16.4,4.2,11.0,8.6,9.5,8.5,0.0,10.3,6.2,9.9,11.0,14.2,20.0,11.4,5.5,7.8,10.6,180.7
79.0,Jakobi Meyers,WR,10.2,18.5,0.0,0.0,24.1,10.0,11.4,21.0,7.4,0.0,9.2,9.2,5.2,0.0,4.7,20.3,16.9,12.2,12.9,180.3
80.0,Adam Thielen,WR,6.6,9.2,18.1,15.2,6.7,15.6,0.0,12.7,9.7,9.9,4.5,21.1,4.7,19.5,13.1,1.6,2.6,9.2,10.6,180.0
81.0,Drake London,WR,12.4,24.6,14.4,3.7,7.5,7.0,1.9,7.1,3.3,14.8,7.2,4.9,15.5,0.0,12.0,14.6,9.7,18.0,10.5,178.6
82.0,Devin Singletary,RB,8.2,4.1,24.1,11.6,5.6,14.7,0.0,9.3,8.8,15.7,17.7,9.0,11.1,5.3,10.0,20.5,0.3,2.2,10.5,178.2
83.0,David Montgomery,RB,8.0,15.6,1.1,0.0,18.2,9.0,12.2,8.5,5.4,5.4,21.1,14.3,16.7,0.0,24.1,10.4,5.6,2.1,11.1,177.7
84.0,Evan Engram,TE,6.8,11.6,3.9,2.6,12.9,9.0,10.7,15.5,1.8,4.4,0.0,1.4,14.0,39.2,14.2,18.3,3.9,6.7,10.4,176.9
85.0,Mike Williams,WR,3.0,25.3,8.5,19.0,23.4,3.7,21.6,0.0,0.0,0.0,2.5,0.0,0.0,23.6,10.7,11.6,16.4,7.2,13.6,176.5
86.0,Curtis Samuel,WR,19.2,22.9,13.1,7.8,12.2,2.6,12.9,10.9,17.1,6.0,9.8,1.3,14.6,0.0,7.5,16.4,1.6,0.4,10.4,176.3
87.0,Tyler Boyd,WR,13.3,5.7,20.5,7.6,6.2,12.6,29.5,12.8,9.4,0.0,6.2,3.6,10.0,0.0,14.5,5.1,8.4,10.1,10.3,175.5
88.0,Allen Lazard,WR,0.0,9.3,14.5,17.6,13.5,17.6,11.5,0.0,18.7,7.5,10.7,4.4,11.7,0.0,1.7,11.1,10.9,14.1,11.7,174.8
89.0,Jacoby Brissett,QB,10.9,16.5,17.9,16.0,15.4,10.6,10.1,20.3,0.0,16.5,25.9,14.1,0.0,0.0,0.3,0.0,0.2,0.0,12.5,174.6
90.0,Gabe Davis,WR,18.8,0.0,6.7,2.3,32.1,16.4,0.0,5.5,5.3,21.3,11.8,7.8,9.5,6.1,9.6,11.5,0.0,6.9,11.4,171.6
91.0,Dallas Cowboys,DST,5.0,7.0,10.0,10.0,23.0,4.0,22.0,11.0,0.0,5.0,16.0,4.0,20.0,4.0,6.0,7.0,10.0,6.0,10.0,170.0
92.0,Joshua Palmer,WR,3.9,13.0,15.9,3.5,5.4,14.7,0.0,0.0,18.6,7.4,30.6,10.6,13.0,9.3,9.9,3.6,0.0,9.9,10.6,169.3
93.0,Jimmy Garoppolo,QB,0.0,16.7,9.4,13.9,18.0,18.9,17.3,17.7,0.0,15.9,25.4,13.3,2.2,0.0,0.0,0.0,0.0,0.0,15.3,168.8
94.0,Deebo Samuel,WR,12.6,14.7,12.9,23.7,11.2,16.0,9.4,0.0,0.0,7.1,22.4,7.3,12.3,14.4,0.0,0.0,0.0,4.4,13.0,168.4
95.0,Raheem Mostert,RB,4.2,10.9,1.1,10.1,19.2,5.8,20.9,7.7,8.6,18.7,0.0,0.0,3.0,5.4,16.6,4.9,23.1,8.1,10.5,168.3
96.0,Matt Ryan,QB,16.3,4.8,15.3,18.8,8.1,27.2,11.9,0.0,0.0,22.7,8.6,11.2,12.1,0.0,11.3,0.0,0.0,0.0,14.0,168.3
97.0,AJ Dillon,RB,20.1,7.7,5.8,9.4,3.4,9.2,1.5,7.3,6.4,6.5,3.3,17.8,20.9,0.0,22.1,12.8,10.1,3.3,9.9,167.6
98.0,Ryan Tannehill,QB,19.3,2.9,19.8,14.4,11.5,0.0,3.9,0.0,0.0,19.4,20.0,12.5,13.0,18.8,11.7,0.0,0.0,0.0,13.9,167.2
99.0,Donovan Peoples-Jones,WR,12.0,0.0,2.0,12.1,9.0,11.6,11.1,12.1,0.0,14.9,17.1,3.6,13.4,19.4,13.1,1.2,8.3,6.2,9.8,167.1
100.0,George Pickens,WR,1.3,3.3,6.9,16.2,14.3,5.8,18.1,0.0,0.0,14.5,18.3,10.7,1.2,10.8,7.3,16.7,4.9,16.2,9.8,166.5
101.0,Dameon Pierce,RB,4.9,8.7,18.1,25.9,20.3,0.0,15.7,14.1,13.9,12.2,3.7,4.6,12.5,11.8,0.0,0.0,0.0,0.0,12.8,166.4
102.0,Antonio Gibson,RB,20.0,12.1,11.0,9.3,6.9,8.3,16.7,20.7,6.7,14.8,13.3,8.4,7.9,0.0,4.7,5.1,0.0,0.0,11.1,165.9
103.0,Christian Watson,WR,6.1,3.9,0.0,9.3,0.8,0.0,0.0,2.2,4.4,32.7,21.1,21.0,24.4,0.0,8.6,10.9,2.1,16.6,11.7,164.1
104.0,Justin Tucker,K,6.0,10.0,9.0,11.0,16.0,8.0,13.0,9.0,10.0,0.0,7.0,15.0,4.0,11.0,5.0,9.0,9.0,12.0,9.6,164.0
104.0,Keenan Allen,WR,10.6,0.0,0.0,0.0,0.0,0.0,3.1,0.0,0.0,0.0,12.4,15.9,20.8,21.2,16.6,21.4,11.8,30.2,16.4,164.0
106.0,San Francisco 49ers,DST,5.0,15.0,8.0,21.0,15.0,1.0,1.0,3.0,0.0,6.0,11.0,15.0,18.0,10.0,9.0,7.0,3.0,15.0,9.6,163.0
107.0,Daniel Carlson,K,9.0,13.0,10.0,14.0,16.0,0.0,10.0,0.0,8.0,2.0,14.0,10.0,11.0,12.0,7.0,5.0,12.0,9.0,9.5,162.0
108.0,Brett Maher,K,5.0,12.0,12.0,16.0,11.0,5.0,6.0,7.0,0.0,4.0,22.0,4.0,6.0,11.0,12.0,18.0,10.0,0.0,9.5,161.0
109.0,Tyler Allgeier,RB,0.0,3.0,4.0,11.4,4.5,5.1,11.0,17.5,13.3,3.3,7.4,5.4,5.2,0.0,22.6,15.7,16.5,13.5,10.0,159.4
109.0,Courtland Sutton,WR,11.2,19.7,17.7,16.2,12.4,3.4,5.3,2.3,0.0,12.6,13.0,13.5,0.0,0.0,0.0,11.4,8.4,12.3,10.6,159.4
111.0,Jason Myers,K,6.0,1.0,11.0,14.0,10.0,13.0,16.0,11.0,8.0,6.0,0.0,10.0,10.0,6.0,9.0,4.0,11.0,13.0,9.4,159.0
112.0,Kenny Pickett,QB,0.0,0.0,0.0,15.3,13.1,8.3,13.3,8.3,0.0,19.1,16.0,12.2,13.3,1.6,0.0,13.7,10.9,13.9,12.2,158.9
113.0,Jeff Wilson Jr.,RB,5.0,12.3,11.6,13.4,20.2,0.5,5.4,5.5,16.2,22.3,0.0,12.2,0.3,2.6,0.0,11.0,10.6,9.4,9.9,158.5
114.0,Marquise Brown,WR,14.3,12.8,28.0,20.8,21.8,11.8,0.0,0.0,0.0,0.0,0.0,10.6,0.0,7.4,5.9,8.8,12.1,1.7,13.0,156.0
115.0,K.J. Osborn,WR,4.4,4.5,18.3,1.5,9.1,4.8,0.0,8.8,0.0,7.7,3.7,2.3,3.7,14.8,31.7,4.7,18.9,16.7,9.2,155.6
116.0,Cordarrelle Patterson,RB,22.6,4.1,22.3,9.8,0.0,0.0,0.0,0.0,18.3,3.0,11.9,10.1,6.0,0.0,12.2,4.1,20.4,9.9,11.9,154.7
117.0,Latavius Murray,RB,0.0,0.0,0.0,13.5,0.0,7.4,10.3,12.9,0.0,7.7,17.2,10.8,10.1,6.1,21.2,7.0,11.2,18.8,11.0,154.2
118.0,Mack Hollins,WR,2.6,11.6,30.0,6.3,0.0,0.0,12.4,13.4,3.7,3.8,11.2,16.3,8.5,8.2,14.0,1.7,7.0,3.5,9.1,154.2
119.0,Tyler Higbee,TE,8.9,14.1,10.1,17.3,11.6,1.7,0.0,3.5,0.0,15.3,8.5,0.0,3.4,3.1,12.7,30.4,4.1,7.3,9.5,152.0
119.0,Buffalo Bills,DST,17.0,20.0,4.0,7.0,14.0,8.0,0.0,5.0,5.0,8.0,5.0,8.0,5.0,12.0,1.0,10.0,4.0,19.0,8.9,152.0
119.0,Younghoe Koo,K,19.0,5.0,12.0,12.0,1.0,4.0,6.0,14.0,5.0,3.0,12.0,9.0,14.0,0.0,4.0,9.0,8.0,15.0,8.9,152.0
122.0,DeAndre Hopkins,WR,0.0,0.0,0.0,0.0,0.0,0.0,20.3,33.9,13.6,19.8,18.1,18.7,0.0,12.9,13.0,1.4,0.0,0.0,16.9,151.7
123.0,Philadelphia Eagles,DST,5.0,12.0,15.0,15.0,4.0,7.0,0.0,14.0,8.0,7.0,7.0,6.0,10.0,9.0,9.0,10.0,10.0,3.0,8.9,151.0
124.0,Parris Campbell,WR,6.7,0.0,3.0,8.3,4.2,18.7,23.0,9.1,3.6,20.6,11.7,3.4,8.5,0.0,3.3,3.9,8.3,12.8,8.8,149.1
125.0,Pat Freiermuth,TE,12.5,12.2,6.1,15.5,3.2,0.0,15.5,9.7,0.0,7.6,15.9,6.9,10.6,12.3,0.0,13.6,6.6,0.0,9.9,148.2
126.0,Cole Kmet,TE,0.0,0.0,6.0,4.6,8.5,2.5,5.2,9.1,22.0,23.4,6.5,5.7,13.2,0.0,6.5,7.7,10.7,15.7,8.7,147.3
127.0,Jonathan Taylor,RB,27.5,7.3,12.1,3.3,0.0,0.0,15.5,5.6,0.0,24.3,16.4,18.8,13.3,0.0,2.3,0.0,0.0,0.0,12.2,146.4
128.0,Nick Folk,K,1.0,5.0,10.0,6.0,18.0,8.0,2.0,21.0,17.0,0.0,4.0,15.0,4.0,11.0,13.0,0.0,6.0,5.0,8.6,146.0
128.0,Eddy Pineiro,K,6.0,10.0,12.0,6.0,10.0,5.0,3.0,9.0,3.0,16.0,3.0,12.0,0.0,13.0,12.0,14.0,7.0,5.0,8.6,146.0
128.0,Tyler Bass,K,8.0,12.0,5.0,11.0,8.0,6.0,0.0,10.0,7.0,13.0,23.0,10.0,7.0,9.0,6.0,3.0,3.0,5.0,8.6,146.0
131.0,Taysom Hill,TE,15.3,1.4,0.0,8.1,34.1,4.5,10.1,8.3,1.1,0.1,7.6,3.0,13.3,0.0,10.2,11.6,13.6,3.5,9.1,145.8
132.0,Brandin Cooks,WR,15.2,9.4,4.2,18.7,6.0,0.0,8.6,11.3,0.0,8.2,10.0,11.1,0.0,0.0,0.0,13.4,7.9,21.6,11.2,145.6
133.0,Graham Gano,K,1.0,17.0,15.0,10.0,10.0,6.0,11.0,8.0,0.0,7.0,0.0,11.0,9.0,2.0,12.0,14.0,8.0,4.0,8.5,145.0
134.0,Dalton Schultz,TE,13.2,1.8,0.0,0.0,0.0,0.0,9.9,13.4,0.0,17.4,5.2,19.1,5.3,14.7,3.5,7.3,24.6,7.3,9.5,142.7
135.0,Samaje Perine,RB,6.7,2.0,14.1,0.0,9.6,3.6,2.8,4.7,6.4,0.0,30.2,19.3,21.5,9.4,3.4,5.2,0.0,3.2,8.9,142.1
136.0,David Njoku,TE,1.7,6.2,23.9,9.7,14.8,8.8,14.1,0.0,0.0,0.0,3.7,13.9,0.0,18.7,5.8,3.4,3.1,14.2,10.1,142.0
136.0,Robbie Gould,K,4.0,9.0,6.0,6.0,7.0,2.0,14.0,7.0,0.0,10.0,8.0,8.0,18.0,5.0,3.0,13.0,14.0,8.0,8.4,142.0
138.0,Cam Akers,RB,0.0,8.2,10.1,1.3,3.3,0.0,0.0,0.0,0.3,2.2,6.1,3.7,19.0,9.3,13.0,34.7,14.3,15.8,9.4,141.3
139.0,Dallas Goedert,TE,9.0,13.2,11.6,12.2,17.5,4.2,0.0,12.4,24.0,9.3,0.0,0.0,0.0,0.0,0.0,9.7,7.5,10.6,11.8,141.2
140.0,Riley Patterson,K,12.0,8.0,12.0,3.0,7.0,3.0,3.0,5.0,11.0,5.0,0.0,8.0,7.0,13.0,11.0,15.0,9.0,8.0,8.2,140.0
141.0,Gerald Everett,TE,14.4,13.1,4.5,17.1,1.2,7.9,11.3,0.0,8.6,4.3,0.0,7.8,13.0,7.8,8.2,0.0,10.5,9.8,9.3,139.5
142.0,Rachaad White,RB,4.1,0.1,0.0,14.6,7.2,5.3,4.2,7.3,6.4,10.5,0.0,19.9,16.9,10.7,5.3,15.3,9.8,1.5,8.2,139.1
143.0,Jacksonville Jaguars,DST,6.0,21.0,9.0,9.0,5.0,-1.0,1.0,5.0,5.0,6.0,0.0,5.0,-2.0,12.0,12.0,14.0,17.0,15.0,8.2,139.0
143.0,Greg Zuerlein,K,4.0,9.0,18.0,6.0,8.0,9.0,12.0,5.0,10.0,0.0,4.0,9.0,19.0,4.0,5.0,3.0,8.0,6.0,8.2,139.0
145.0,Chase McLaughlin,K,0.0,0.0,11.0,5.0,17.0,9.0,6.0,11.0,4.0,9.0,12.0,7.0,9.0,0.0,21.0,4.0,4.0,9.0,8.6,138.0
146.0,Dawson Knox,TE,1.5,8.1,6.5,7.0,0.0,12.7,0.0,9.0,5.5,9.7,14.0,3.7,0.0,14.1,21.8,12.8,0.0,9.3,9.0,135.7
147.0,Isiah Pacheco,RB,12.2,0.6,0.9,6.3,0.0,3.8,4.3,0.0,1.9,6.2,10.7,15.6,16.2,12.3,8.7,10.0,12.9,12.4,7.9,135.0
147.0,Jason Sanders,K,10.0,6.0,3.0,10.0,6.0,5.0,12.0,8.0,5.0,9.0,0.0,13.0,6.0,7.0,12.0,9.0,3.0,11.0,7.9,135.0
147.0,Brandon McManus,K,11.0,12.0,5.0,5.0,11.0,13.0,4.0,3.0,0.0,4.0,14.0,4.0,14.0,4.0,8.0,9.0,7.0,7.0,7.9,135.0
150.0,Juwan Johnson,TE,6.3,8.0,0.0,6.3,2.3,8.1,20.2,3.4,12.2,15.4,13.7,0.0,0.0,0.0,22.7,1.9,11.2,3.1,8.4,134.8
151.0,Baltimore Ravens,DST,11.0,7.0,11.0,5.0,6.0,6.0,12.0,5.0,10.0,0.0,17.0,5.0,6.0,11.0,7.0,8.0,3.0,4.0,7.9,134.0
152.0,Greg Joseph,K,13.0,1.0,4.0,18.0,3.0,4.0,0.0,4.0,8.0,9.0,3.0,9.0,12.0,6.0,8.0,12.0,5.0,14.0,7.8,133.0
152.0,Ryan Succop,K,15.0,10.0,8.0,8.0,8.0,14.0,3.0,10.0,12.0,3.0,0.0,6.0,5.0,1.0,5.0,15.0,4.0,6.0,7.8,133.0
152.0,Matt Gay,K,6.0,7.0,9.0,9.0,4.0,6.0,0.0,2.0,7.0,5.0,10.0,5.0,14.0,7.0,8.0,19.0,4.0,11.0,7.8,133.0
155.0,Richie James Jr.,WR,11.1,10.1,8.0,-0.1,3.6,3.8,1.2,-4.0,0.0,0.0,13.8,15.1,5.0,19.1,8.2,17.0,20.6,0.0,8.3,132.5
156.0,Evan McPherson,K,8.0,13.0,10.0,11.0,6.0,8.0,5.0,1.0,6.0,0.0,17.0,9.0,10.0,5.0,9.0,4.0,1.0,9.0,7.8,132.0
156.0,Ka'imi Fairbairn,K,10.0,11.0,8.0,7.0,11.0,0.0,10.0,5.0,5.0,11.0,4.0,3.0,7.0,16.0,6.0,7.0,5.0,6.0,7.8,132.0
158.0,Tyler Conklin,TE,11.6,10.0,16.4,8.2,0.0,2.7,6.2,25.9,1.7,0.0,3.5,8.0,2.9,7.8,1.9,7.4,14.0,3.3,7.7,131.5
159.0,D'Onta Foreman,RB,0.5,0.9,0.0,0.2,0.2,1.9,16.5,31.8,4.1,19.0,2.4,11.3,0.0,8.5,0.9,22.5,3.5,6.8,8.2,131.0
160.0,Jahan Dotson,WR,18.0,17.9,3.0,13.3,0.0,0.0,0.0,0.0,0.0,2.4,2.6,0.0,16.4,0.0,20.5,19.6,6.7,10.2,10.9,130.6
161.0,Baker Mayfield,QB,19.0,13.3,10.7,7.9,7.6,0.0,0.0,0.0,14.2,0.0,7.0,0.0,0.0,14.2,7.5,17.4,4.1,6.5,10.8,129.4
162.0,Darius Slayton,WR,0.0,0.0,0.0,2.1,13.9,2.8,14.8,11.6,0.0,18.5,13.6,9.3,15.0,6.2,7.3,11.9,1.4,0.0,9.9,128.4
163.0,Kareem Hunt,RB,23.0,9.4,9.1,8.8,14.7,1.2,7.8,11.2,0.0,2.9,7.4,3.1,9.4,3.2,3.7,5.2,0.9,5.8,7.5,126.8
164.0,Michael Carter,RB,17.0,10.0,5.6,4.9,17.3,5.7,9.4,10.1,15.6,0.0,2.7,5.6,0.0,3.0,4.1,10.0,2.5,2.5,7.9,126.0
165.0,Russell Gage,WR,3.3,7.8,24.7,4.4,6.0,4.0,7.9,0.0,0.0,0.0,0.0,0.0,2.1,9.2,25.9,11.5,6.3,10.5,9.5,123.6
166.0,Noah Fant,TE,4.6,3.1,6.7,7.2,7.9,10.5,1.7,3.9,14.6,6.4,0.0,6.4,14.2,0.0,14.2,9.2,6.0,6.0,7.2,122.6
167.0,Marquez Valdes-Scantling,WR,8.1,3.3,8.8,9.3,15.0,0.0,14.1,0.0,2.2,15.0,2.8,9.6,9.1,3.0,11.6,0.0,4.8,5.7,7.2,122.4
168.0,Jake Elliott,K,8.0,6.0,6.0,5.0,0.0,10.0,0.0,5.0,3.0,3.0,5.0,12.0,5.0,12.0,5.0,11.0,6.0,20.0,7.6,122.0
169.0,Taylor Heinicke,QB,0.0,0.0,0.0,0.0,0.0,0.0,15.4,23.1,14.7,6.4,7.8,12.4,17.6,0.0,13.3,11.2,0.0,0.0,13.6,122.0
170.0,Carson Wentz,QB,29.7,28.8,8.6,9.3,22.9,4.2,0.0,0.0,0.0,0.0,0.0,0.0,0.0,0.0,0.0,8.9,9.4,0.0,15.2,121.8
171.0,Kansas City Chiefs,DST,3.0,10.0,8.0,4.0,1.0,3.0,13.0,0.0,4.0,6.0,9.0,11.0,1.0,15.0,3.0,8.0,8.0,14.0,7.1,121.0
171.0,Cade York,K,16.0,6.0,5.0,9.0,4.0,12.0,9.0,8.0,0.0,5.0,5.0,7.0,11.0,4.0,8.0,4.0,6.0,2.0,7.1,121.0
173.0,Mason Crosby,K,1.0,10.0,2.0,9.0,10.0,4.0,3.0,5.0,3.0,7.0,3.0,9.0,8.0,0.0,6.0,15.0,13.0,12.0,7.1,120.0
174.0,Isaiah McKenzie,WR,9.9,5.7,21.2,12.1,0.0,2.9,0.0,8.0,4.1,9.5,0.0,22.3,9.4,5.8,4.4,0.6,0.0,3.9,7.5,119.8
175.0,Carolina Panthers,DST,1.0,4.0,16.0,9.0,5.0,9.0,8.0,5.0,-2.0,10.0,9.0,11.0,0.0,7.0,1.0,4.0,6.0,15.0,6.9,118.0
175.0,Michael Badgley,K,0.0,0.0,0.0,13.0,0.0,0.0,9.0,10.0,1.0,7.0,7.0,7.0,19.0,12.0,8.0,5.0,12.0,8.0,9.1,118.0
175.0,New York Jets,DST,4.0,2.0,4.0,12.0,9.0,20.0,7.0,8.0,10.0,0.0,10.0,8.0,2.0,8.0,1.0,4.0,4.0,5.0,6.9,118.0
178.0,Khalil Herbert,RB,11.3,5.1,30.9,11.1,1.1,7.4,15.7,15.9,2.3,5.7,0.0,0.0,0.0,0.0,0.0,2.3,3.1,5.9,9.1,117.8
179.0,Green Bay Packers,DST,1.0,9.0,11.0,7.0,3.0,2.0,9.0,6.0,3.0,5.0,5.0,0.0,9.0,0.0,11.0,11.0,23.0,2.0,6.9,117.0
179.0,Washington Commanders,DST,4.0,-1.0,5.0,3.0,5.0,13.0,3.0,7.0,5.0,15.0,19.0,7.0,7.0,0.0,1.0,1.0,5.0,18.0,6.9,117.0
179.0,Seattle Seahawks,DST,7.0,9.0,7.0,7.0,1.0,17.0,7.0,13.0,8.0,4.0,0.0,1.0,8.0,1.0,1.0,1.0,17.0,8.0,6.9,117.0
182.0,Marvin Jones Jr.,WR,7.8,6.3,13.3,0.0,17.4,0.0,9.7,0.0,9.8,4.3,0.0,11.2,2.7,3.2,9.7,4.5,12.1,4.9,7.3,116.9
183.0,Jordan Akins,TE,0.0,0.0,12.1,5.3,4.2,0.0,9.8,1.5,0.0,10.2,2.8,15.1,5.1,1.5,11.2,6.9,5.8,25.0,7.8,116.5
184.0,Matthew Stafford,QB,10.8,20.9,10.2,7.8,11.3,12.8,0.0,17.4,10.5,0.0,14.8,0.0,0.0,0.0,0.0,0.0,0.0,0.0,12.9,116.4
185.0,Kalif Raymond,WR,0.0,0.0,1.4,5.1,9.5,0.0,14.5,10.6,4.7,7.7,7.0,7.5,2.6,3.9,16.3,7.4,7.4,10.6,6.8,116.2
186.0,Devin Duvernay,WR,21.4,12.2,10.3,9.1,12.8,2.4,6.2,16.4,1.5,0.0,1.7,6.9,10.3,0.0,4.9,0.0,0.0,0.0,8.3,116.1
187.0,Houston Texans,DST,7.0,6.0,9.0,2.0,11.0,0.0,0.0,8.0,5.0,3.0,1.0,7.0,8.0,7.0,5.0,17.0,6.0,14.0,6.8,116.0
187.0,Indianapolis Colts,DST,6.0,0.0,6.0,3.0,14.0,6.0,8.0,5.0,7.0,3.0,8.0,3.0,1.0,0.0,23.0,9.0,1.0,13.0,6.8,116.0
189.0,Robert Woods,WR,2.3,7.9,12.5,13.0,7.7,0.0,5.6,2.6,0.0,3.0,12.9,3.6,1.6,9.9,3.2,7.0,14.9,8.0,6.8,115.7
190.0,Zach Ertz,TE,11.4,15.5,10.5,16.7,10.8,14.0,6.1,13.4,15.0,2.2,0.0,0.0,0.0,0.0,0.0,0.0,0.0,0.0,11.6,115.6
191.0,Breece Hall,RB,10.1,13.0,15.2,15.8,27.7,20.1,13.2,0.0,0.0,0.0,0.0,0.0,0.0,0.0,0.0,0.0,0.0,0.0,16.4,115.1
192.0,Chris Moore,WR,6.1,3.4,9.3,0.0,0.0,0.0,10.0,0.0,14.5,10.0,7.3,2.7,7.6,22.4,8.2,4.5,5.1,4.0,7.7,115.1
193.0,Cincinnati Bengals,DST,2.0,4.0,16.0,8.0,4.0,1.0,4.0,7.0,6.0,0.0,1.0,5.0,4.0,8.0,9.0,10.0,7.0,19.0,6.8,115.0
193.0,New Orleans Saints,DST,6.0,4.0,4.0,4.0,4.0,4.0,1.0,16.0,3.0,7.0,5.0,5.0,6.0,0.0,7.0,8.0,18.0,13.0,6.8,115.0
193.0,Joey Slye,K,2.0,1.0,0.0,5.0,7.0,6.0,11.0,5.0,6.0,19.0,12.0,8.0,9.0,0.0,9.0,2.0,5.0,8.0,6.8,115.0
196.0,Noah Brown,WR,11.8,20.1,10.4,9.1,1.5,2.0,8.0,0.0,0.0,1.3,6.2,0.0,3.5,12.5,22.9,1.5,1.7,2.0,7.2,114.5
197.0,Wil Lutz,K,10.0,4.0,2.0,7.0,9.0,14.0,11.0,6.0,7.0,5.0,10.0,0.0,10.0,0.0,3.0,5.0,10.0,1.0,6.7,114.0
198.0,Greg Dortch,WR,13.3,15.5,17.0,1.6,0.0,0.0,7.6,1.2,1.3,0.0,19.3,0.0,0.0,0.0,0.0,22.3,5.5,8.5,7.1,113.1
199.0,Brian Robinson Jr.,RB,0.0,0.0,0.0,0.0,2.2,12.0,10.6,2.0,5.8,14.6,5.7,20.5,13.1,0.0,11.7,5.8,8.7,0.0,9.4,112.7
200.0,DeAndre Carter,WR,15.4,8.5,5.6,1.6,2.9,4.7,6.7,0.0,10.3,16.4,6.3,20.3,2.4,1.0,1.5,0.0,3.4,5.3,6.6,112.3
200.0,Alec Pierce,WR,0.0,0.0,9.1,12.0,16.1,13.9,6.7,9.5,3.3,0.0,5.8,0.0,18.6,0.0,0.0,5.6,4.5,7.2,7.0,112.3
202.0,Robert Tonyan,TE,6.6,3.1,9.7,10.2,6.3,19.0,6.2,8.5,5.9,1.8,3.9,5.0,2.0,0.0,1.4,2.3,14.2,5.9,6.6,112.0
203.0,Brock Purdy,QB,0.0,0.0,0.0,0.0,-0.1,0.0,1.7,0.0,0.0,0.0,0.3,0.0,15.3,21.7,16.5,17.0,18.1,19.8,12.3,110.3
204.0,Olamide Zaccheaus,WR,6.9,10.1,6.9,7.5,11.9,9.8,6.1,1.4,3.9,5.4,3.2,14.1,3.3,0.0,0.0,5.8,0.0,13.7,6.5,110.0
205.0,Hayden Hurst,TE,9.6,7.4,1.7,11.7,17.3,5.1,10.8,8.2,8.5,0.0,4.8,11.7,3.2,0.0,0.0,0.0,4.5,5.4,7.9,109.9
206.0,James Cook,RB,-1.8,5.3,8.0,0.0,9.1,0.8,0.0,8.6,5.3,2.2,8.6,3.8,16.5,2.5,11.9,17.8,1.8,7.1,6.3,107.5
207.0,Miami Dolphins,DST,18.0,-4.0,9.0,1.0,-2.0,3.0,12.0,1.0,9.0,6.0,0.0,18.0,6.0,10.0,3.0,4.0,4.0,9.0,6.3,107.0
207.0,Cleveland Browns,DST,6.0,3.0,10.0,3.0,0.0,0.0,5.0,13.0,0.0,-3.0,1.0,4.0,27.0,4.0,16.0,3.0,13.0,2.0,6.3,107.0
207.0,Pittsburgh Steelers,DST,26.0,3.0,2.0,5.0,2.0,3.0,1.0,-1.0,0.0,10.0,2.0,10.0,4.0,3.0,5.0,13.0,7.0,12.0,6.3,107.0
207.0,New York Giants,DST,4.0,7.0,0.0,16.0,2.0,7.0,5.0,5.0,0.0,9.0,-1.0,3.0,8.0,2.0,17.0,4.0,14.0,5.0,6.3,107.0
211.0,Los Angeles Chargers,DST,13.0,1.0,-4.0,8.0,1.0,7.0,4.0,0.0,7.0,3.0,2.0,5.0,12.0,6.0,7.0,20.0,9.0,5.0,6.2,106.0
211.0,Minnesota Vikings,DST,12.0,7.0,2.0,6.0,4.0,13.0,0.0,10.0,6.0,15.0,-4.0,9.0,5.0,-1.0,5.0,9.0,-1.0,9.0,6.2,106.0
213.0,Zach Wilson,QB,0.0,0.0,0.0,20.8,14.6,4.5,7.2,19.4,10.6,0.0,5.7,0.0,0.0,0.0,20.4,2.8,0.0,0.0,11.8,105.9
214.0,Michael Gallup,WR,0.0,0.0,0.0,10.4,8.4,3.8,0.0,8.9,0.0,7.5,7.1,11.3,18.3,6.0,1.2,13.6,6.9,2.0,7.5,105.4
215.0,Chase Claypool,WR,9.4,6.6,7.6,0.0,10.0,23.4,9.1,12.5,3.7,1.8,3.1,7.1,5.8,0.0,0.0,0.0,0.0,4.9,7.0,105.0
216.0,Kenyan Drake,RB,5.6,0.8,0.0,0.0,3.7,19.7,0.5,16.7,24.9,0.0,7.3,0.2,6.6,2.2,0.0,0.0,0.0,15.9,8.7,104.1
217.0,Los Angeles Rams,DST,9.0,9.0,6.0,1.0,4.0,11.0,0.0,2.0,4.0,2.0,4.0,4.0,8.0,5.0,7.0,21.0,-1.0,8.0,6.1,104.0
217.0,Cairo Santos,K,1.0,5.0,14.0,0.0,15.0,1.0,18.0,5.0,6.0,6.0,7.0,4.0,8.0,0.0,2.0,7.0,4.0,1.0,6.5,104.0
217.0,Tennessee Titans,DST,9.0,-3.0,3.0,10.0,6.0,0.0,19.0,9.0,7.0,12.0,4.0,8.0,-2.0,-4.0,8.0,7.0,7.0,4.0,6.1,104.0
220.0,Hunter Henry,TE,4.0,0.0,1.8,3.3,9.4,16.1,2.2,3.2,9.0,0.0,3.0,15.3,3.3,10.0,2.9,0.0,10.2,10.2,6.5,103.9
220.0,Josh Reynolds,WR,3.8,12.8,15.6,21.1,15.2,0.0,1.8,3.4,0.0,0.0,0.0,0.0,4.9,16.1,0.0,5.1,1.5,2.6,8.7,103.9
222.0,Demarcus Robinson,WR,3.9,8.2,0.0,3.0,1.8,5.7,0.0,12.4,2.2,0.0,21.8,2.7,11.1,10.2,6.9,7.6,1.9,4.4,6.5,103.8
223.0,Arizona Cardinals,DST,-2.0,9.0,4.0,12.0,3.0,14.0,17.0,6.0,9.0,8.0,-4.0,4.0,0.0,3.0,11.0,5.0,4.0,0.0,6.1,103.0
223.0,Tampa Bay Buccaneers,DST,13.0,26.0,6.0,1.0,6.0,3.0,1.0,5.0,8.0,6.0,0.0,6.0,3.0,-2.0,3.0,8.0,8.0,2.0,6.1,103.0
225.0,DeVante Parker,WR,1.9,0.0,20.6,10.4,0.0,10.4,9.8,0.0,0.0,0.0,3.9,12.0,3.6,4.4,0.0,0.0,0.0,25.9,7.9,102.9
226.0,Harrison Butker,K,9.0,0.0,0.0,0.0,0.0,11.0,6.0,0.0,6.0,3.0,14.0,14.0,6.0,11.0,4.0,7.0,3.0,8.0,7.8,102.0
226.0,Denver Broncos,DST,5.0,7.0,16.0,2.0,14.0,5.0,4.0,7.0,0.0,4.0,1.0,2.0,12.0,7.0,10.0,-4.0,6.0,4.0,6.0,102.0
228.0,Romeo Doubs,WR,8.8,4.7,21.3,13.7,5.9,6.1,0.0,16.2,2.8,0.0,0.0,0.0,0.0,0.0,10.5,6.6,5.0,0.0,7.8,101.6
229.0,Darnell Mooney,WR,1.8,0.6,4.3,13.4,7.2,13.8,8.3,12.0,17.5,9.7,12.9,0.0,0.0,0.0,0.0,0.0,0.0,0.0,9.2,101.5
230.0,Rashid Shaheed,WR,0.0,0.0,0.0,0.0,0.0,10.4,12.3,6.8,0.0,2.2,1.8,7.9,11.5,0.0,18.5,8.1,13.9,7.1,8.4,100.5
231.0,Isaiah Hodgins,WR,0.0,0.0,0.0,0.0,8.1,0.0,0.0,0.0,0.0,6.1,3.9,6.1,15.4,15.8,7.7,22.9,14.2,0.0,11.1,100.2
232.0,Matt Prater,K,1.0,1.0,14.0,8.0,0.0,0.0,0.0,9.0,3.0,0.0,5.0,7.0,0.0,7.0,14.0,14.0,15.0,1.0,7.6,99.0
233.0,Clyde Edwards-Helaire,RB,22.4,15.8,14.9,22.4,6.5,3.3,9.2,0.0,2.9,0.0,0.9,0.0,0.0,0.0,0.0,0.0,0.0,0.0,9.8,98.3
234.0,DJ Chark Jr.,WR,15.2,0.0,7.6,0.0,0.0,0.0,0.0,0.0,0.0,0.0,0.0,9.6,14.8,21.4,2.8,14.8,7.6,4.4,8.9,98.2
235.0,Mike Gesicki,TE,1.1,14.1,1.6,4.3,4.0,24.9,5.7,12.8,1.3,5.1,0.0,0.0,0.0,0.0,1.5,3.4,9.8,8.6,5.8,98.2
236.0,Detroit Lions,DST,0.0,9.0,2.0,-2.0,2.0,0.0,4.0,3.0,11.0,10.0,11.0,4.0,5.0,8.0,13.0,-4.0,15.0,7.0,5.8,98.0
237.0,Corey Davis,WR,13.7,16.3,4.7,18.4,5.8,7.2,0.0,0.0,0.0,0.0,0.0,1.9,13.5,2.5,0.0,3.4,7.5,2.7,7.5,97.6
238.0,Austin Hooper,TE,1.6,2.9,3.9,1.4,1.7,0.0,8.6,1.5,5.4,9.1,19.6,6.0,5.2,11.8,5.3,4.0,1.6,7.8,5.7,97.4
239.0,Chigoziem Okonkwo,TE,1.7,0.0,0.0,12.8,0.0,0.0,0.0,1.3,5.8,5.1,4.1,6.5,10.8,18.5,10.0,2.0,5.4,13.2,6.1,97.2
240.0,Nico Collins,WR,4.6,9.8,6.1,11.2,10.5,0.0,6.3,0.0,0.0,15.9,9.8,10.4,12.5,0.0,0.0,0.0,0.0,0.0,9.7,97.1
241.0,Chris Boswell,K,14.0,8.0,5.0,12.0,3.0,10.0,5.0,0.0,0.0,0.0,0.0,0.0,0.0,2.0,8.0,9.0,12.0,9.0,8.1,97.0
242.0,Cameron Dicker,K,0.0,0.0,0.0,0.0,9.0,0.0,0.0,0.0,8.0,12.0,10.0,5.0,8.0,11.0,6.0,8.0,8.0,9.0,8.5,94.0
243.0,Mecole Hardman Jr.,WR,10.6,7.5,1.2,1.4,12.0,13.2,28.0,0.0,19.9,0.0,0.0,0.0,0.0,0.0,0.0,0.0,0.0,0.0,11.7,93.8
244.0,Jaylen Warren,RB,0.7,2.5,4.3,3.2,10.3,0.2,4.4,10.5,0.0,10.7,1.9,0.0,3.9,4.7,11.9,4.0,12.8,7.3,5.8,93.3
245.0,Cade Otton,TE,0.0,1.4,0.0,5.9,10.3,4.3,10.4,3.5,17.8,6.5,0.0,0.0,14.8,6.8,3.0,3.2,3.7,1.5,5.8,93.1
246.0,Isaiah Likely,TE,0.0,8.3,1.8,0.0,2.7,5.0,2.6,19.7,9.4,0.0,1.1,0.0,7.0,0.0,3.8,1.4,10.2,18.3,6.5,91.3
247.0,Damien Harris,RB,7.8,16.7,12.6,15.4,2.2,0.0,2.0,7.2,0.0,0.0,11.3,1.6,0.0,0.0,0.0,0.0,7.9,6.2,8.3,90.9
248.0,Deshaun Watson,QB,0.0,0.0,0.0,0.0,0.0,0.0,0.0,0.0,0.0,0.0,0.0,0.0,6.3,17.3,12.6,12.8,21.9,19.6,15.1,90.6
249.0,Marquise Goodwin,WR,4.2,0.0,5.1,0.0,0.0,4.6,22.7,7.3,0.0,11.8,0.0,8.5,2.7,20.3,3.0,0.0,0.0,0.0,6.9,90.2
250.0,Eno Benjamin,RB,9.1,8.1,4.3,5.5,14.3,9.5,23.3,8.5,3.7,0.0,0.0,0.0,0.0,0.1,0.0,0.0,2.9,0.3,6.9,89.6
251.0,Sam Darnold,QB,0.0,0.0,0.0,0.0,0.0,0.0,0.0,0.0,0.0,0.0,0.0,16.9,0.0,11.8,13.2,21.9,22.6,2.9,14.9,89.3
252.0,Atlanta Falcons,DST,6.0,16.0,4.0,6.0,0.0,13.0,-1.0,8.0,5.0,1.0,12.0,3.0,1.0,0.0,4.0,3.0,5.0,3.0,5.2,89.0
253.0,James Robinson,RB,19.9,15.8,20.6,2.9,5.9,6.5,0.0,1.7,13.3,0.0,1.0,0.0,1.0,0.0,0.0,0.0,0.0,0.0,8.1,88.6
254.0,Alexander Mattison,RB,3.6,4.4,11.4,8.8,7.0,0.3,0.0,10.0,1.1,2.9,1.8,1.1,9.8,-0.1,0.1,1.7,5.5,19.0,5.2,88.4
255.0,Kendrick Bourne,WR,5.1,3.6,9.8,5.8,1.0,2.7,0.0,0.0,4.2,0.0,1.8,5.9,2.5,9.7,0.0,24.9,2.8,8.5,5.5,88.3
256.0,Elijah Moore,WR,9.9,6.5,8.9,8.5,2.1,0.0,0.0,0.0,0.0,0.0,3.7,14.0,3.7,12.0,9.4,3.5,3.8,2.1,5.5,88.1
256.0,Treylon Burks,WR,8.5,8.7,3.1,3.8,0.0,0.0,0.0,0.0,0.0,5.4,18.1,11.0,9.5,0.0,0.0,1.5,12.6,5.9,8.0,88.1
258.0,Kenneth Gainwell,RB,11.2,2.8,0.6,8.7,2.0,2.5,0.0,2.1,12.8,2.2,0.0,11.6,8.3,1.0,3.4,9.8,3.7,5.2,5.2,87.9
258.0,Rondale Moore,WR,0.0,0.0,0.0,3.7,13.1,10.9,4.1,23.4,14.9,18.4,-0.6,0.0,0.0,0.0,0.0,0.0,0.0,0.0,11.0,87.9
260.0,Chuba Hubbard,RB,0.3,-2.0,2.5,0.0,0.0,1.7,15.3,0.0,0.0,1.4,4.5,6.5,0.0,18.9,9.7,12.5,9.5,6.9,6.3,87.7
261.0,Melvin Gordon III,RB,7.2,6.3,16.5,-1.2,13.3,0.8,7.0,14.2,0.0,11.0,12.0,0.0,0.0,0.0,0.0,0.0,0.0,0.0,8.7,87.1
262.0,Randy Bullock,K,9.0,1.0,7.0,7.0,3.0,0.0,14.0,5.0,6.0,5.0,0.0,0.0,4.0,2.0,2.0,2.0,7.0,13.0,5.4,87.0
263.0,Will Dissly,TE,13.3,2.0,12.4,13.9,4.1,2.2,8.5,3.2,5.4,4.8,0.0,3.7,4.2,4.0,2.3,2.9,0.0,0.0,5.8,86.9
264.0,Greg Dulcich,TE,0.0,0.0,0.0,0.0,0.0,12.4,11.1,12.7,0.0,2.1,7.0,3.1,14.5,7.2,2.1,13.9,0.0,0.0,8.6,86.1
265.0,Foster Moreau,TE,0.0,6.0,7.4,0.0,0.0,0.0,5.8,9.1,4.4,13.3,4.3,12.3,4.2,0.0,4.0,3.9,8.5,2.0,6.1,85.2
266.0,Allen Robinson II,WR,2.2,15.3,4.3,2.7,4.2,17.3,0.0,10.4,5.4,8.4,14.7,0.0,0.0,0.0,0.0,0.0,0.0,0.0,8.5,84.9
267.0,Darren Waller,TE,11.9,17.0,5.2,5.4,0.0,0.0,0.0,0.0,0.0,0.0,0.0,0.0,0.0,0.0,13.8,9.8,16.2,5.5,9.4,84.8
268.0,Quez Watkins,WR,0.0,14.9,0.0,0.0,4.9,0.7,0.0,0.0,4.5,10.0,11.1,12.5,8.7,5.9,5.0,2.9,0.0,3.4,5.0,84.5
268.0,Deon Jackson,RB,0.0,-0.3,0.0,0.0,13.1,28.1,0.3,-0.4,5.6,0.0,5.0,0.0,0.6,0.0,10.6,3.9,1.0,17.0,7.0,84.5
270.0,Ben Skowronek,WR,6.5,3.6,10.6,5.3,10.1,16.7,0.0,2.0,0.0,3.4,1.4,2.5,5.0,15.9,1.3,0.0,0.0,0.0,6.0,84.3
271.0,Trent Sherfield,WR,1.8,2.9,1.5,9.5,1.5,1.6,7.4,4.5,5.7,16.3,0.0,5.3,14.5,1.7,0.0,4.5,5.0,0.0,5.2,83.7
272.0,Terrace Marshall Jr.,WR,0.0,0.0,0.0,0.0,7.0,0.0,5.1,12.7,14.3,5.3,10.6,1.8,0.0,2.8,8.1,7.5,3.5,4.3,6.4,83.0
273.0,Nick Westbrook-Ikhine,WR,2.3,2.3,7.0,0.0,9.2,0.0,0.0,0.0,0.0,28.9,4.8,9.8,1.4,11.3,0.0,4.3,1.4,0.0,5.2,82.7
274.0,Jauan Jennings,WR,10.2,1.4,1.5,4.2,6.5,3.8,4.4,0.0,0.0,8.0,0.0,16.9,5.4,1.5,6.1,4.1,6.6,2.0,5.2,82.6
275.0,Randall Cobb,WR,3.4,6.7,7.7,7.2,16.9,1.8,0.0,0.0,0.0,0.0,13.3,9.9,0.0,0.0,6.2,1.5,4.0,3.1,6.3,81.7
276.0,Nyheim Hines,RB,11.4,7.7,8.0,2.3,1.8,0.0,9.3,12.9,0.0,1.9,-0.8,0.3,2.8,1.7,8.0,2.1,0.0,12.0,5.1,81.4
277.0,J.K. Dobbins,RB,0.0,0.0,6.0,22.3,4.4,1.5,0.0,0.0,0.0,0.0,0.0,0.0,0.0,18.0,13.8,5.9,9.3,0.0,10.2,81.2
278.0,Hunter Renfrow,WR,5.1,10.9,0.0,0.0,6.5,0.0,8.5,1.6,5.6,0.0,0.0,0.0,0.0,0.0,2.4,14.2,4.9,19.3,7.9,79.0
279.0,Van Jefferson,WR,0.0,0.0,0.0,0.0,0.0,0.0,0.0,0.0,0.0,11.7,7.1,11.9,5.9,12.4,5.2,4.9,10.7,9.1,7.9,78.9
280.0,Mitch Trubisky,QB,12.7,12.4,15.0,2.5,0.0,10.3,0.0,0.0,0.0,0.0,0.0,0.0,0.0,12.0,14.1,0.0,0.0,0.0,11.3,78.9
281.0,Logan Thomas,TE,7.5,12.7,2.5,6.9,0.0,0.0,0.0,0.0,0.0,3.2,11.5,1.7,5.0,0.0,1.6,9.5,11.6,3.6,5.9,77.3
282.0,Dontrell Hilliard,RB,21.9,0.0,5.4,5.8,12.3,0.0,0.4,10.5,1.8,1.8,8.8,4.9,3.6,0.0,0.0,0.0,0.0,0.0,6.4,77.2
283.0,Las Vegas Raiders,DST,0.0,3.0,3.0,11.0,2.0,0.0,10.0,0.0,2.0,3.0,6.0,6.0,8.0,7.0,11.0,6.0,-2.0,1.0,4.5,77.0
284.0,Kyle Pitts,TE,3.9,3.9,13.7,3.5,0.0,10.9,3.9,19.0,4.7,4.8,7.3,0.0,0.0,0.0,0.0,0.0,0.0,0.0,7.6,75.6
285.0,Nelson Agholor,WR,3.8,23.0,4.1,7.6,0.0,0.0,0.0,1.2,0.0,0.0,3.8,18.5,3.7,8.2,1.3,0.0,0.0,0.0,5.0,75.2
286.0,Daniel Bellinger,TE,0.0,8.6,8.0,5.3,10.4,14.8,2.3,0.0,0.0,0.0,0.0,0.0,7.4,4.9,1.4,4.7,7.2,0.0,6.8,75.0
287.0,Jelani Woods,TE,0.0,0.0,15.3,4.3,0.0,10.7,1.4,0.0,1.2,0.0,0.0,17.8,4.8,0.0,4.6,7.3,4.9,1.9,6.2,74.2
287.0,Chase Edmonds,RB,10.5,5.1,15.7,10.0,0.1,5.1,1.7,1.4,0.0,1.9,0.6,0.0,0.0,0.0,0.0,7.3,10.3,4.5,5.7,74.2
289.0,Darrell Henderson Jr.,RB,12.3,10.7,1.7,6.9,7.0,13.2,0.0,5.0,5.6,10.2,0.9,0.0,0.0,0.0,0.0,0.0,0.0,0.0,7.4,73.5
290.0,Laviska Shenault Jr.,WR,0.0,0.0,17.0,0.0,0.0,0.0,1.8,7.6,0.6,14.9,4.7,4.1,0.0,7.8,0.0,8.3,4.0,1.9,5.6,72.7
291.0,Jamal Agnew,WR,2.2,0.1,2.7,21.0,0.3,3.4,0.0,0.0,0.0,3.4,0.0,14.7,4.3,7.4,8.4,1.8,0.8,1.8,4.8,72.3
292.0,Rex Burkhead,RB,12.0,2.9,7.0,14.9,4.8,0.0,6.9,1.2,2.5,5.0,0.0,1.5,0.0,1.2,3.7,2.7,4.0,1.1,4.8,71.4
293.0,JaMycal Hasty,RB,0.0,0.0,0.0,4.2,0.6,12.2,0.6,4.0,2.1,1.3,0.0,20.5,0.0,1.3,2.5,3.1,17.6,0.5,5.0,70.5
294.0,Julio Jones,WR,11.6,0.0,0.0,1.7,0.0,0.0,0.0,10.1,4.8,14.3,0.0,8.5,5.8,8.8,0.0,1.5,3.3,0.0,7.0,70.4
295.0,Noah Gray,TE,2.0,3.2,3.6,6.1,1.7,4.3,2.0,0.0,7.5,10.0,3.5,3.6,2.5,7.5,6.1,1.8,2.2,2.4,4.1,70.0
295.0,Matthew Wright,K,0.0,0.0,0.0,12.0,8.0,0.0,0.0,0.0,0.0,8.0,13.0,13.0,16.0,0.0,0.0,0.0,0.0,0.0,11.7,70.0
297.0,Colby Parkinson,TE,12.3,0.0,6.4,4.8,0.0,3.1,3.8,1.5,2.6,1.7,0.0,0.0,2.2,2.0,0.0,7.5,14.6,6.7,4.9,69.2
298.0,Tyquan Thornton,WR,0.0,0.0,0.0,0.0,2.7,21.3,2.9,2.3,1.5,0.0,1.5,0.0,5.1,6.8,3.1,1.8,15.0,2.3,5.5,66.3
299.0,Dante Pettis,WR,12.1,0.0,0.0,0.0,0.0,18.4,4.1,5.8,2.2,2.7,0.0,2.2,2.4,0.0,2.3,9.1,0.0,3.9,3.8,65.2
300.0,Joshua Kelley,RB,5.5,3.5,2.3,1.5,16.2,0.0,0.0,0.0,0.0,0.0,0.0,4.0,3.0,4.5,10.1,5.2,5.6,3.4,5.4,64.8
301.0,Equanimeous St. Brown,WR,8.8,5.9,7.3,0.9,4.4,0.1,8.8,1.6,0.0,0.9,4.4,1.7,11.6,0.0,3.0,0.0,4.0,1.3,4.0,64.7
302.0,Zack Moss,RB,7.6,1.7,6.2,0.6,0.7,0.0,0.0,0.0,0.0,0.4,0.7,0.2,1.8,0.0,8.1,8.0,7.4,21.1,5.0,64.5
303.0,Brock Wright,TE,0.0,3.5,0.0,0.0,0.0,0.0,9.7,1.6,0.0,7.2,4.0,2.6,4.5,0.0,12.1,2.1,16.3,0.0,4.5,63.6
304.0,Tutu Atwell,WR,0.0,0.0,0.0,0.0,6.4,0.9,0.0,0.0,0.0,0.0,13.2,4.3,9.1,9.5,1.6,3.4,3.0,11.8,5.3,63.2
304.0,Trenton Irwin,WR,0.0,0.0,0.0,0.0,0.0,0.0,0.0,4.7,3.5,0.0,13.2,2.6,2.2,13.8,1.5,19.5,0.0,2.2,7.0,63.2
306.0,Chicago Bears,DST,10.0,5.0,6.0,6.0,4.0,7.0,10.0,-1.0,-1.0,2.0,4.0,0.0,-1.0,0.0,7.0,3.0,-2.0,3.0,3.6,62.0
307.0,Harrison Bryant,TE,3.8,7.5,0.0,5.8,0.0,4.8,3.5,0.0,0.0,10.5,8.1,2.9,2.4,1.8,2.7,0.0,3.9,4.0,4.4,61.7
308.0,A.J. Green,WR,3.3,6.6,0.0,0.0,5.0,2.7,0.0,0.0,0.0,9.0,10.0,1.5,0.0,1.7,0.0,0.0,3.7,18.1,4.7,61.6
308.0,Shi Smith,WR,2.2,1.2,4.2,0.0,10.9,0.0,0.0,0.0,3.0,2.7,4.6,0.0,0.0,9.7,3.4,2.7,17.0,0.0,3.6,61.6
310.0,Trey McBride,TE,0.0,0.0,0.0,5.4,0.0,0.0,0.0,0.0,0.0,1.7,5.4,1.1,0.0,5.8,9.5,4.7,20.8,7.1,5.1,61.5
311.0,Kylen Granson,TE,5.2,3.4,2.7,10.2,2.6,7.8,1.6,4.1,0.0,9.7,2.6,0.0,5.9,0.0,5.4,0.0,0.0,0.0,4.7,61.2
312.0,Mike White,QB,0.0,0.0,0.0,0.0,0.0,0.0,0.0,0.0,0.0,0.0,0.0,24.8,19.5,10.7,0.0,0.0,5.6,0.0,15.1,60.6
313.0,Jarvis Landry,WR,18.4,6.5,4.2,4.7,0.0,0.0,0.0,0.0,0.0,6.7,12.3,4.0,3.4,0.0,0.0,0.0,0.0,0.0,6.7,60.2
314.0,Matt Breida,RB,2.4,-0.4,0.3,1.8,4.7,3.1,4.3,2.5,0.0,2.0,9.9,2.5,1.4,3.5,2.2,0.9,7.7,11.0,3.5,59.8
315.0,Cooper Rush,QB,2.6,13.6,12.4,17.6,4.0,8.2,0.0,0.0,0.0,0.0,1.2,0.0,0.0,0.0,0.0,0.0,0.0,0.0,7.5,59.6
316.0,Gus Edwards,RB,0.0,0.0,0.0,0.0,0.0,0.0,18.6,6.5,0.0,0.0,0.0,9.2,1.2,6.6,5.5,9.9,0.2,1.6,6.6,59.3
317.0,Zonovan Knight,RB,0.0,0.0,0.0,0.0,0.0,0.0,0.0,0.0,0.0,0.0,0.0,13.3,16.8,15.7,2.3,2.3,6.4,2.2,8.4,59.0
318.0,Justin Watson,WR,0.0,13.0,0.0,0.0,2.0,0.0,7.4,0.0,5.7,2.2,9.7,4.6,2.5,0.0,0.0,0.0,3.7,7.7,3.4,58.5
319.0,Ray-Ray McCloud III,WR,3.0,2.6,2.1,1.6,0.0,0.0,16.5,2.1,0.0,4.3,0.0,2.2,0.0,2.8,2.6,13.1,5.2,0.0,3.4,58.1
320.0,Braxton Berrios,WR,8.7,2.2,-0.2,5.7,8.4,9.6,7.2,0.0,1.6,0.0,0.0,2.3,2.9,3.5,2.4,0.0,3.4,0.0,3.4,57.7
321.0,Kadarius Toney,WR,2.3,2.0,0.0,0.0,0.0,0.0,0.0,0.0,3.2,19.0,0.0,0.0,0.0,0.0,1.5,7.8,9.1,12.4,6.4,57.3
322.0,Kendall Hinton,WR,0.0,3.0,3.7,5.9,0.0,1.8,2.4,0.0,0.0,10.2,8.7,9.8,2.1,8.8,0.0,0.0,0.0,0.0,5.1,56.4
323.0,C.J. Uzomah,TE,0.0,0.0,1.5,0.0,3.2,3.7,1.5,3.7,4.6,0.0,0.0,4.7,4.1,1.7,18.1,4.0,5.4,0.0,4.0,56.2
324.0,J.D. McKissic,RB,7.8,13.3,10.0,8.6,8.7,2.0,0.4,5.0,0.0,0.0,0.0,0.0,0.0,0.0,0.0,0.0,0.0,0.0,6.2,55.8
325.0,Irv Smith Jr.,TE,0.0,14.6,5.2,5.3,8.2,10.7,0.0,6.8,0.0,0.0,0.0,0.0,0.0,0.0,0.0,0.0,0.0,4.4,6.9,55.2
326.0,MyCole Pruitt,TE,0.0,0.0,0.0,0.0,0.0,7.2,0.0,0.0,1.6,1.6,2.7,8.9,7.7,0.0,4.0,0.0,8.9,12.4,5.5,55.0
327.0,Ameer Abdullah,RB,0.0,3.3,0.0,0.0,0.0,0.0,2.7,6.8,1.8,7.3,3.5,14.5,0.4,3.7,3.4,4.7,0.0,2.0,3.4,54.1
328.0,Mo Alie-Cox,TE,4.6,1.9,1.9,26.5,1.7,0.0,0.0,0.0,3.3,0.0,2.4,3.4,-0.4,0.0,0.0,1.2,0.0,7.4,3.9,53.9
329.0,Kyle Juszczyk,RB,0.0,6.1,3.4,5.4,4.7,7.3,6.4,0.0,0.0,0.0,0.4,2.2,10.2,2.7,0.0,0.0,0.9,3.9,4.1,53.6
330.0,Rashod Bateman,WR,13.9,20.8,5.9,4.7,0.0,0.0,8.2,0.0,0.0,0.0,0.0,0.0,0.0,0.0,0.0,0.0,0.0,0.0,8.9,53.5
331.0,Tyler Huntley,QB,0.0,0.0,0.0,0.0,0.0,0.0,0.0,0.0,0.0,0.0,0.0,0.0,16.6,6.6,6.0,13.2,10.6,0.0,10.6,53.0
332.0,Tre'Quan Smith,WR,0.0,0.0,14.5,2.8,2.0,13.3,10.9,0.0,5.9,0.0,0.0,1.8,0.0,0.0,0.0,0.0,0.0,1.6,5.3,52.8
333.0,Tommy Tremble,TE,1.1,0.0,1.7,6.4,0.0,0.0,9.9,3.7,7.1,0.0,0.0,1.2,0.0,0.0,4.0,3.8,12.3,1.2,3.5,52.4
334.0,Robbie Chosen,WR,21.2,4.2,2.4,5.6,4.2,0.0,0.0,0.0,0.6,0.0,0.0,2.7,0.0,9.0,0.0,0.0,2.3,0.0,4.4,52.2
335.0,Rashaad Penny,RB,8.7,1.5,7.9,28.7,5.4,0.0,0.0,0.0,0.0,0.0,0.0,0.0,0.0,0.0,0.0,0.0,0.0,0.0,10.4,52.2
336.0,Jonnu Smith,TE,6.3,0.0,6.5,0.0,0.0,8.1,1.4,4.0,5.1,0.0,8.5,0.0,2.6,0.0,4.4,5.1,0.0,0.0,4.3,52.0
337.0,Damiere Byrd,WR,0.0,0.0,0.0,0.0,0.0,0.0,14.5,15.7,0.0,8.8,4.9,0.0,2.2,0.0,0.0,2.5,2.2,1.0,4.3,51.8
338.0,Phillip Dorsett II,WR,0.0,0.0,2.5,0.0,0.0,0.0,12.5,1.6,9.9,4.2,0.0,1.5,3.8,3.8,0.0,7.5,4.4,0.0,3.4,51.7
339.0,Wan'Dale Robinson,WR,1.5,0.0,0.0,0.0,0.0,12.7,11.0,3.5,0.0,3.5,19.4,0.0,0.0,0.0,0.0,0.0,0.0,0.0,8.6,51.6
340.0,Joe Flacco,QB,15.4,26.9,5.4,0.0,0.0,0.0,0.0,0.0,0.0,0.0,0.0,0.0,0.0,-2.0,0.0,0.0,0.0,5.7,10.3,51.3
341.0,Michael Thomas,WR,22.7,18.5,9.9,0.0,0.0,0.0,0.0,0.0,0.0,0.0,0.0,0.0,0.0,0.0,0.0,0.0,0.0,0.0,17.0,51.1
342.0,Justin Jackson,RB,0.0,0.0,0.0,8.7,1.4,0.0,0.2,0.0,2.7,4.8,8.7,2.9,5.3,10.1,4.1,-0.1,0.0,2.3,3.4,51.1
343.0,Mark Ingram II,RB,1.3,6.1,7.8,7.3,3.6,6.7,5.2,1.2,0.0,0.0,0.0,1.0,9.9,0.0,0.0,0.0,0.0,0.0,5.0,50.1
344.0,Jameis Winston,QB,21.7,10.6,16.6,0.0,0.0,0.0,0.0,0.0,0.0,0.0,0.0,0.0,0.0,0.0,0.0,0.0,0.0,0.0,16.3,48.9
345.0,Dare Ogunbowale,RB,0.0,0.0,0.0,0.0,0.0,0.0,11.2,1.0,0.0,2.3,1.5,9.0,4.1,2.1,1.4,2.8,4.5,8.8,3.2,48.7
346.0,Jake Ferguson,TE,0.0,0.0,3.3,1.7,0.0,14.0,1.7,7.1,0.0,0.0,3.5,8.7,1.9,0.0,0.0,3.4,1.7,1.4,4.4,48.4
347.0,Brandon Powell,WR,2.3,-1.0,5.7,1.1,0.1,8.0,0.0,0.0,1.4,0.7,3.5,2.6,12.4,0.0,1.7,4.5,1.9,2.7,2.8,47.6
348.0,DeeJay Dallas,RB,0.0,-1.0,5.8,0.0,2.0,0.1,6.1,0.0,0.4,0.0,0.0,3.5,3.7,0.0,0.0,10.2,12.8,3.6,3.1,47.2
349.0,Sammy Watkins,WR,4.8,12.3,0.0,0.0,0.0,0.0,5.6,1.3,1.9,7.7,0.0,0.0,0.0,0.0,0.0,5.0,0.0,7.9,5.2,46.5
350.0,Boston Scott,RB,7.0,3.1,0.0,0.0,0.0,1.6,0.0,2.1,0.5,0.5,3.2,2.4,3.1,10.7,0.0,0.0,0.6,11.4,3.1,46.2
351.0,Jarrett Stidham,QB,0.0,0.0,0.0,0.0,0.0,0.0,0.0,2.9,0.0,0.0,0.0,0.0,0.0,0.0,0.0,0.0,28.0,14.8,15.2,45.6
352.0,David Bell,WR,0.0,1.6,1.6,5.5,1.6,2.3,1.7,4.7,0.0,5.4,6.2,6.3,0.0,5.7,0.0,2.8,0.0,0.0,3.0,45.4
353.0,Caleb Huntley,RB,0.0,0.3,0.0,11.6,3.4,5.9,2.2,9.1,3.4,3.2,1.6,2.3,1.7,0.0,0.2,0.0,0.0,0.0,3.7,44.9
354.0,Adam Trautman,TE,0.0,0.0,1.9,6.7,11.2,1.8,0.0,0.0,1.8,4.2,4.2,2.7,4.8,0.0,0.0,0.0,2.6,2.8,3.4,44.7
355.0,Elijah Mitchell,RB,4.1,0.0,0.0,0.0,0.0,0.0,0.0,0.0,0.0,9.8,5.9,6.3,0.0,0.0,0.0,0.0,0.0,17.5,8.7,43.6
356.0,Skyy Moore,WR,4.0,0.0,-2.0,5.1,3.5,3.4,-2.0,0.0,0.0,1.6,11.3,6.6,1.2,1.7,1.2,1.5,6.3,0.0,2.7,43.4
357.0,Travis Homer,RB,0.2,8.2,0.7,0.0,0.0,0.0,0.0,4.1,6.2,0.0,0.0,13.3,0.0,5.4,5.0,0.0,0.0,0.0,3.6,43.1
358.0,Raheem Blackshear,RB,0.0,0.0,0.0,0.0,0.0,0.0,-0.5,0.1,15.3,3.2,3.4,0.1,0.0,11.9,0.0,8.5,0.9,0.1,3.3,43.0
359.0,Ty Johnson,RB,0.0,1.4,0.0,0.0,0.0,0.0,1.9,0.6,1.7,0.0,0.4,14.8,10.1,0.0,0.0,0.7,6.7,4.5,3.6,42.8
360.0,Bailey Zappe,QB,0.0,0.0,0.0,6.0,11.0,18.4,7.3,0.0,0.0,0.0,0.0,0.0,0.0,0.0,0.0,0.0,0.0,0.0,10.7,42.6
361.0,Ashton Dulin,WR,7.6,13.2,1.7,3.8,2.8,0.0,0.0,0.0,0.0,0.0,0.0,0.0,8.4,0.0,5.0,0.0,0.0,0.0,4.3,42.5
362.0,Scott Miller,WR,0.0,7.2,1.4,0.0,7.5,0.0,2.6,3.3,12.3,4.5,0.0,0.0,1.7,0.0,0.0,0.0,0.0,1.8,3.5,42.3
363.0,P.J. Walker,QB,0.0,0.0,0.0,0.0,2.4,2.3,15.1,17.7,-1.0,5.7,0.0,0.0,0.0,0.0,0.0,0.0,0.0,0.0,7.0,42.1
364.0,Teddy Bridgewater,QB,0.0,0.0,0.0,11.8,0.0,20.2,0.0,0.0,0.0,0.0,0.0,0.0,0.0,0.0,0.0,0.0,10.0,0.0,8.4,42.0
364.0,Javonte Williams,RB,19.8,9.5,9.0,3.7,0.0,0.0,0.0,0.0,0.0,0.0,0.0,0.0,0.0,0.0,0.0,0.0,0.0,0.0,10.5,42.0
366.0,Justice Hill,RB,3.1,1.6,6.0,7.7,0.0,0.0,0.6,2.8,2.9,0.0,6.8,0.3,2.6,0.0,2.8,1.4,0.0,3.4,2.8,42.0
367.0,KhaDarel Hodge,WR,6.8,7.7,0.0,0.0,8.3,0.0,0.0,0.0,2.9,11.7,2.3,0.0,0.0,0.0,0.0,0.0,1.5,0.0,3.2,41.2
368.0,Shane Zylstra,TE,0.0,0.0,0.0,0.0,0.0,0.0,0.0,0.0,7.1,0.0,0.0,0.0,1.4,3.8,1.4,25.6,1.7,0.0,4.6,41.0
369.0,Josh Oliver,TE,0.0,0.0,8.8,0.0,0.0,4.1,0.0,1.4,2.9,0.0,1.2,17.6,0.0,0.0,3.3,1.6,0.0,0.0,3.4,40.9
370.0,Ian Thomas,TE,7.3,2.3,3.3,1.6,2.8,4.2,1.3,1.2,0.0,0.0,5.4,4.1,0.0,3.1,0.0,2.2,1.9,0.0,2.9,40.7
371.0,Dustin Hopkins,K,7.0,6.0,4.0,10.0,0.0,13.0,0.0,0.0,0.0,0.0,0.0,0.0,0.0,0.0,0.0,0.0,0.0,0.0,8.0,40.0
371.0,Durham Smythe,TE,2.4,1.5,5.3,0.0,7.9,0.0,0.0,0.0,0.0,0.0,0.0,7.4,4.1,0.0,0.8,1.8,1.9,6.9,3.1,40.0
373.0,Gardner Minshew II,QB,0.0,0.0,0.0,0.0,0.0,0.0,0.0,0.8,0.0,0.0,0.0,0.0,0.4,-0.1,0.0,24.7,14.0,0.0,8.0,39.8
374.0,Peyton Hendershot,TE,0.0,0.0,7.3,0.0,0.0,4.2,8.5,3.5,0.0,0.0,0.8,6.2,0.0,0.0,9.0,0.0,0.0,0.0,3.3,39.5
375.0,Amari Rodgers,WR,0.0,0.0,0.0,0.0,0.0,2.4,1.4,3.2,0.0,-2.0,0.0,0.0,0.0,16.0,4.6,4.7,3.6,5.2,2.6,39.1
376.0,Johnny Mundt,TE,4.7,4.8,4.3,0.0,2.6,2.1,0.0,7.1,1.1,0.0,1.8,4.0,2.2,0.0,1.7,2.6,0.0,0.0,3.0,39.0
377.0,Desmond Ridder,QB,0.0,0.0,0.0,0.0,0.0,0.0,0.0,0.0,0.0,0.0,0.0,0.0,0.0,0.0,7.7,9.5,5.7,15.9,9.7,38.7
378.0,Sam Ehlinger,QB,0.0,0.0,0.0,0.0,0.0,0.0,0.0,7.5,7.0,0.0,0.0,0.0,0.0,0.0,0.0,0.0,7.6,16.5,9.7,38.6
379.0,Marlon Mack,RB,0.0,0.0,0.0,0.0,0.0,0.0,0.0,0.0,0.0,0.0,0.0,2.2,1.9,15.7,16.3,2.2,0.0,0.0,4.8,38.3
379.0,Alec Ingold,RB,2.0,3.6,0.0,0.0,0.0,3.2,0.0,7.6,0.0,14.5,0.0,1.0,4.5,0.0,1.9,0.0,0.0,0.0,3.2,38.3
381.0,Marquez Callaway,WR,0.0,0.0,7.4,8.3,2.5,6.6,4.0,2.0,5.4,0.0,1.6,0.0,0.0,0.0,0.0,0.0,0.0,0.0,3.8,37.8
382.0,Cameron Brate,TE,1.7,1.9,10.2,7.2,0.0,3.4,0.0,0.0,0.0,1.8,0.0,3.5,0.0,3.2,4.5,0.0,0.0,0.0,4.2,37.4
383.0,Mitchell Wilcox,TE,0.0,1.3,1.9,2.8,0.0,0.0,3.4,1.3,0.0,0.0,0.0,0.0,2.3,2.0,12.4,9.5,0.0,0.0,4.1,36.9
384.0,O.J. Howard,TE,17.8,1.7,0.0,4.7,0.0,0.0,0.0,4.4,2.4,0.0,1.9,0.0,0.0,0.0,0.0,0.0,3.6,0.0,3.3,36.5
385.0,Zach Pascal,WR,1.7,3.4,4.8,0.0,0.0,0.0,0.0,13.7,1.8,2.0,1.9,0.0,3.6,1.5,0.0,1.6,0.0,0.0,2.4,36.0
386.0,Connor Heyward,TE,0.0,0.0,0.0,0.0,3.2,6.9,1.6,0.0,0.0,2.9,0.0,0.0,8.7,2.3,0.0,2.1,0.0,8.1,2.4,35.8
387.0,Colt McCoy,QB,0.0,0.0,0.0,0.0,0.0,0.0,0.0,0.0,0.0,13.9,8.3,0.0,0.0,11.2,2.3,0.0,0.0,0.0,9.0,35.8
387.0,Eric Saubert,TE,0.0,9.2,0.0,3.5,8.6,0.0,0.0,0.0,0.0,2.2,3.6,0.0,0.0,1.2,1.5,0.0,6.0,0.0,2.6,35.8
389.0,Byron Pringle,WR,3.2,0.0,2.1,0.0,0.0,0.0,0.0,0.0,0.0,2.2,0.0,9.2,0.0,0.0,11.9,5.4,0.0,1.5,3.6,35.5
390.0,Malik Davis,RB,0.0,0.0,0.0,0.0,0.0,0.0,0.0,6.1,0.0,3.8,5.5,0.0,8.9,0.0,0.0,0.0,8.2,1.9,5.7,34.4
390.0,Sterling Shepard,WR,15.1,9.4,9.9,0.0,0.0,0.0,0.0,0.0,0.0,0.0,0.0,0.0,0.0,0.0,0.0,0.0,0.0,0.0,11.5,34.4
392.0,Khalil Shakir,WR,0.0,0.0,0.0,4.3,16.5,2.4,0.0,0.0,0.0,1.6,0.0,0.0,2.0,0.0,0.0,3.5,0.0,3.8,3.4,34.1
393.0,Velus Jones Jr.,WR,0.0,0.0,0.0,-2.0,7.9,0.8,0.0,4.8,0.0,0.0,0.0,0.6,0.1,0.0,-0.7,7.2,1.3,14.0,3.1,34.0
394.0,Jalen Nailor,WR,0.0,0.0,0.0,2.3,0.0,0.0,0.0,0.0,0.0,0.0,2.5,0.0,0.0,0.0,0.0,0.0,17.9,10.2,4.1,32.9
395.0,Dyami Brown,WR,0.0,0.0,0.0,1.6,24.5,0.0,0.0,0.0,0.0,2.5,0.0,2.7,0.0,0.0,1.5,0.0,0.0,0.0,3.6,32.8
396.0,Zach Gentry,TE,6.0,0.0,0.0,1.2,9.3,1.4,2.0,1.3,0.0,0.0,2.8,0.6,1.8,0.0,1.4,1.1,0.0,3.3,2.3,32.2
397.0,Jordan Mason,RB,0.0,0.0,0.7,0.0,0.0,0.0,0.0,0.0,0.0,0.0,1.4,2.5,5.1,5.6,6.4,0.0,7.3,2.8,2.7,31.8
398.0,Avery Williams,RB,0.0,1.6,0.9,2.1,10.1,1.8,0.4,2.7,1.2,2.5,-2.0,0.0,0.0,0.0,3.0,5.0,1.0,1.2,2.0,31.5
399.0,Steven Sims Jr.,WR,0.0,0.0,0.0,0.0,0.0,-0.5,0.0,4.0,0.0,2.7,-0.3,2.9,1.9,7.1,3.9,1.7,6.4,1.6,2.6,31.4
400.0,C.J. Ham,RB,1.6,0.0,3.5,0.0,0.0,0.3,0.0,0.0,0.0,6.3,0.0,0.0,0.0,1.9,7.5,1.5,0.0,8.7,2.8,31.3
401.0,River Cracraft,WR,0.0,7.2,8.1,0.0,0.0,0.0,0.0,0.0,0.0,0.0,0.0,9.5,4.9,0.0,0.0,0.0,0.0,1.5,3.9,31.2
402.0,John Bates,TE,0.0,3.5,0.0,5.9,6.9,0.0,0.0,1.6,1.5,0.0,0.0,11.4,0.0,0.0,0.0,0.0,0.0,0.0,3.1,30.8
402.0,Lawrence Cager,WR,0.0,0.0,0.0,0.0,0.0,0.0,0.0,0.0,0.0,8.9,4.0,3.0,0.0,0.0,0.0,0.0,0.0,14.9,5.1,30.8
404.0,Craig Reynolds,RB,0.0,3.9,2.8,5.2,12.2,0.0,6.0,0.7,0.0,0.0,0.0,0.0,0.0,0.0,0.0,0.0,0.0,0.0,4.4,30.8
405.0,Kyren Williams,RB,0.0,0.0,0.0,0.0,0.0,0.0,0.0,0.0,0.0,6.9,5.4,9.0,0.9,3.9,0.7,3.1,0.6,0.0,3.8,30.5
406.0,Teagan Quitoriano,TE,0.0,0.0,0.0,0.0,0.0,0.0,0.0,0.0,7.2,0.0,0.0,4.0,0.0,0.0,7.8,0.0,0.0,11.3,4.3,30.3
407.0,Keelan Cole Sr.,WR,0.0,0.0,2.2,0.0,0.0,0.0,0.0,5.0,0.0,0.0,3.1,3.2,0.0,2.1,13.0,0.0,0.0,1.5,2.5,30.1
408.0,Jody Fortson,TE,7.1,0.0,0.0,8.0,0.0,0.0,1.8,0.0,0.0,-0.4,7.1,4.6,1.6,0.0,0.0,0.0,0.0,0.0,3.0,29.8
409.0,Denzel Mims,WR,0.0,0.0,0.0,0.0,0.0,0.0,1.4,9.6,2.2,0.0,5.5,2.1,0.0,6.5,2.3,0.0,0.0,0.0,3.3,29.6
410.0,Donald Parham Jr.,TE,0.0,0.0,0.0,0.0,0.0,8.3,0.0,0.0,0.0,0.0,0.0,0.0,0.0,0.0,6.5,1.8,7.3,5.1,4.8,29.0
411.0,Gary Brightwell,RB,0.0,1.4,0.0,0.0,6.5,0.0,0.0,0.0,0.0,0.0,0.0,6.9,0.0,6.1,0.0,-0.1,0.9,7.3,1.9,29.0
412.0,Eric Tomlinson,TE,0.0,0.0,0.0,0.0,0.0,2.6,4.1,0.0,0.0,0.0,0.0,0.0,0.0,3.1,11.8,0.0,0.0,7.3,3.2,28.9
413.0,Mike Boone,RB,1.2,0.0,0.0,3.9,11.5,1.4,2.3,0.0,0.0,0.0,0.0,0.0,3.6,4.9,0.0,0.0,0.0,0.0,3.6,28.8
413.0,Brandon Bolden,RB,10.8,0.0,4.1,0.9,6.4,0.0,0.0,0.0,2.0,0.0,1.4,0.0,0.0,0.0,0.0,0.0,3.2,0.0,2.4,28.8
415.0,James Mitchell,TE,0.0,0.0,0.0,0.0,0.0,0.0,0.0,2.4,8.8,1.4,0.0,3.2,0.0,0.0,3.2,5.1,2.5,1.7,3.5,28.3
416.0,Pierre Strong Jr.,RB,0.0,0.0,0.0,0.0,0.0,0.5,0.0,0.0,0.0,0.0,0.0,0.0,0.0,17.0,6.7,3.0,0.0,0.0,2.7,27.2
417.0,Jalen Reagor,WR,0.0,3.4,1.2,0.0,7.1,0.0,0.0,0.0,0.0,0.0,2.4,3.5,5.6,0.0,-0.5,0.0,0.0,4.2,1.6,26.9
418.0,Brevin Jordan,TE,1.5,2.3,0.0,0.0,0.0,0.0,0.0,3.9,1.5,0.0,0.0,0.0,8.6,0.0,1.9,4.1,3.0,0.0,3.0,26.8
419.0,Marcedes Lewis,TE,0.0,0.0,0.0,0.0,7.2,0.0,0.0,0.0,2.9,0.9,0.0,0.0,2.0,0.0,2.4,11.2,0.0,0.0,4.4,26.6
420.0,Cedrick Wilson Jr.,WR,4.8,0.0,0.0,0.0,4.0,0.0,0.0,0.0,4.3,1.7,0.0,4.6,0.0,3.9,3.1,0.0,0.0,0.0,2.0,26.4
421.0,Jonathan Williams,RB,0.0,0.0,0.6,4.8,0.0,0.0,0.0,0.0,0.0,0.0,0.0,2.2,0.1,0.0,0.0,6.1,6.3,6.1,2.9,26.2
422.0,Hassan Haskins,RB,0.0,4.7,0.0,0.0,0.0,0.0,1.5,0.0,1.7,0.0,0.0,0.0,0.0,0.0,3.5,3.7,7.3,3.6,1.9,26.0
423.0,KJ Hamler,WR,0.0,0.0,0.0,6.5,2.0,6.4,2.8,8.1,0.0,0.0,0.0,0.0,0.0,0.0,0.0,0.0,0.0,0.0,3.7,25.8
424.0,Albert Okwuegbunam,TE,8.3,0.0,2.2,0.0,1.5,0.0,0.0,0.0,0.0,0.0,0.0,0.0,0.0,0.0,0.0,0.0,13.5,0.0,4.3,25.5
425.0,Sony Michel,RB,1.2,2.9,4.1,5.7,0.0,7.2,2.3,0.0,1.2,0.2,0.1,0.0,0.0,0.0,0.0,0.0,0.0,0.0,2.5,24.9
426.0,N'Keal Harry,WR,0.0,0.0,0.0,0.0,0.0,0.0,2.4,10.4,1.6,0.0,0.0,0.0,5.9,0.0,0.0,0.0,2.6,1.7,4.1,24.6
427.0,Josiah Deguara,TE,4.8,0.0,0.0,0.0,3.9,1.9,0.0,1.9,9.1,0.0,0.0,0.0,0.0,0.0,0.0,1.4,1.4,0.0,2.7,24.4
428.0,DeSean Jackson,WR,0.0,0.0,0.0,0.0,0.0,0.0,0.0,0.0,2.6,0.0,0.0,9.4,3.0,5.4,0.0,2.0,1.9,0.0,3.5,24.3
429.0,Geoff Swaim,TE,4.9,0.0,10.9,0.0,1.5,0.0,0.0,0.0,0.0,0.0,1.3,0.0,1.4,0.0,0.0,0.9,1.4,1.5,2.0,23.8
430.0,Pharaoh Brown,TE,2.7,5.4,6.1,0.0,0.0,4.1,0.0,0.0,0.0,3.3,0.0,0.0,2.1,0.0,0.0,0.0,0.0,0.0,2.6,23.7
431.0,Breshad Perriman,WR,-0.7,13.5,5.4,0.0,0.0,0.0,0.0,2.1,1.1,0.0,0.0,0.0,0.0,0.0,0.0,0.0,0.0,1.9,2.9,23.3
431.0,Jack Stoll,TE,0.0,0.0,1.4,0.0,0.0,3.1,0.0,0.0,2.3,2.1,1.7,0.0,7.1,4.0,1.6,0.0,0.0,0.0,2.3,23.3
433.0,Tanner Hudson,TE,0.0,4.2,0.0,2.8,0.0,0.0,0.0,8.8,0.0,5.4,0.0,2.0,0.0,0.0,0.0,0.0,0.0,0.0,3.9,23.2
434.0,Austin Seibert,K,5.0,11.0,7.0,0.0,0.0,0.0,0.0,0.0,0.0,0.0,0.0,0.0,0.0,0.0,0.0,0.0,0.0,0.0,7.7,23.0
435.0,Joshua Dobbs,QB,0.0,0.0,0.0,0.0,0.0,0.0,0.0,0.0,0.0,0.0,0.0,0.0,0.0,0.0,0.0,0.0,11.5,11.4,11.4,22.8
436.0,Malcolm Brown,RB,0.0,0.0,0.0,0.0,0.0,3.8,0.0,1.0,2.9,0.0,0.0,0.0,0.0,3.7,0.0,3.1,8.3,0.0,3.3,22.8
437.0,Reggie Gilliam,RB,0.0,9.7,4.2,0.0,0.0,4.8,0.0,0.0,0.0,0.0,0.0,0.0,0.0,0.0,0.0,2.2,1.7,0.0,2.8,22.6
438.0,Dan Arnold,TE,0.0,1.8,0.0,3.6,3.0,0.0,3.4,1.8,2.9,1.8,0.0,0.0,0.0,1.5,0.0,2.7,0.0,0.0,2.0,22.5
439.0,Malik Willis,QB,0.0,-0.2,0.0,0.0,0.0,0.0,0.0,2.4,7.2,-2.4,0.0,0.0,1.4,0.0,1.6,12.3,0.0,0.0,3.2,22.3
440.0,Tom Kennedy,WR,0.0,0.0,0.0,8.4,0.0,0.0,3.4,0.0,2.6,5.4,2.3,0.0,0.0,0.0,0.0,0.0,0.0,0.0,3.2,22.1
441.0,Brett Rypien,QB,0.0,0.0,0.0,0.0,0.0,0.0,8.9,0.0,0.0,0.0,0.0,0.0,0.0,3.6,8.7,0.8,0.0,0.0,5.5,22.0
441.0,Tevin Coleman,RB,0.0,0.0,0.0,0.0,21.7,0.3,0.0,0.0,0.0,0.0,0.0,0.0,0.0,0.0,0.0,0.0,0.0,0.0,7.3,22.0
443.0,Corey Clement,RB,0.0,0.0,0.0,0.0,0.0,0.0,0.0,0.0,0.0,0.0,0.0,1.8,0.0,3.1,0.0,0.0,3.2,13.8,4.4,21.9
444.0,David Sills V,WR,0.0,6.7,4.0,1.5,3.2,1.8,2.9,1.5,0.0,0.0,0.0,0.0,0.0,0.0,0.0,0.0,0.0,0.0,3.1,21.6
445.0,Jeff Smith,WR,0.0,2.7,0.0,0.0,2.1,0.0,0.0,3.3,1.6,0.0,0.0,0.0,0.0,0.0,11.7,0.0,0.0,0.0,3.1,21.4
446.0,Darrel Williams,RB,0.0,14.2,0.7,1.9,0.9,0.0,0.0,3.4,0.0,0.0,0.0,0.0,0.0,0.0,0.0,0.0,0.0,0.0,4.2,21.1
447.0,Ko Kieft,TE,0.0,0.0,0.0,2.9,0.0,0.0,2.8,1.9,1.6,0.0,0.0,7.5,2.2,2.1,0.0,0.0,0.0,0.0,1.5,21.0
448.0,Davis Webb,QB,0.0,0.0,0.0,0.0,0.0,0.0,0.0,0.0,0.0,0.0,0.0,0.0,0.0,0.0,0.0,0.0,0.0,20.8,20.8,20.8
449.0,David Blough,QB,0.0,0.0,0.0,0.0,0.0,0.0,0.0,0.0,0.0,0.0,0.0,0.0,0.0,0.0,0.0,0.0,13.6,7.0,10.3,20.6
450.0,Skylar Thompson,QB,0.0,0.0,0.0,0.0,3.6,4.5,0.0,0.0,0.0,0.7,0.0,-1.3,-1.0,0.0,0.0,0.0,7.6,6.4,2.9,20.5
451.0,Quintin Morris,TE,0.0,1.6,4.2,0.0,4.9,0.0,0.0,0.0,0.0,0.0,0.0,1.3,0.0,0.0,8.4,0.0,0.0,0.0,2.3,20.4
452.0,Derek Watt,RB,0.0,0.2,0.0,0.0,1.1,0.0,0.0,8.6,0.0,0.5,0.0,1.5,1.7,0.0,0.2,0.0,0.3,6.1,1.7,20.2
453.0,Kenny Golladay,WR,4.2,0.0,0.0,0.0,0.0,0.0,0.0,0.0,0.0,0.0,4.9,0.0,0.0,0.0,0.0,0.0,0.0,11.0,3.4,20.1
454.0,Patrick Ricard,RB,1.7,0.5,2.2,5.0,0.0,0.0,4.0,0.0,1.6,0.0,0.4,3.4,1.0,0.2,0.0,0.0,0.0,0.0,1.5,20.0
454.0,Matt Ammendola,K,0.0,9.0,3.0,0.0,5.0,3.0,0.0,0.0,0.0,0.0,0.0,0.0,0.0,0.0,0.0,0.0,0.0,0.0,5.0,20.0
456.0,Kyle Allen,QB,0.0,0.0,0.0,0.0,0.0,0.0,0.0,0.0,0.0,0.0,0.0,11.8,8.1,0.0,0.0,0.0,0.0,0.0,6.6,19.9
457.0,Chris Myarick,TE,7.1,0.0,1.6,0.0,1.4,0.0,4.1,2.0,0.0,0.0,0.0,3.3,0.0,0.0,0.0,0.0,0.0,0.0,2.0,19.5
457.0,Ross Dwelley,TE,2.1,10.8,0.0,0.0,0.0,0.0,0.0,6.6,0.0,0.0,0.0,0.0,0.0,0.0,0.0,0.0,0.0,0.0,3.9,19.5
459.0,Sam Howell,QB,0.0,0.0,0.0,0.0,0.0,0.0,0.0,0.0,0.0,0.0,0.0,0.0,0.0,0.0,0.0,0.0,0.0,19.3,19.3,19.3
460.0,Samori Toure,WR,0.0,0.0,0.0,0.0,0.0,0.0,1.4,10.7,5.4,0.0,0.0,0.0,1.7,0.0,0.0,0.0,0.0,0.0,4.8,19.2
461.0,T.Y. Hilton,WR,0.0,0.0,0.0,0.0,0.0,0.0,0.0,0.0,0.0,0.0,0.0,0.0,0.0,0.0,0.0,6.2,9.0,3.9,6.4,19.1
462.0,Anthony Firkser,TE,1.6,0.0,3.2,0.0,2.1,0.0,0.0,0.0,0.0,0.0,0.0,2.6,4.4,0.0,0.0,3.0,0.0,2.1,2.4,19.0
462.0,Rodrigo Blankenship,K,9.0,0.0,0.0,0.0,0.0,0.0,10.0,0.0,0.0,0.0,0.0,0.0,0.0,0.0,0.0,0.0,0.0,0.0,6.3,19.0
464.0,Royce Freeman,RB,0.0,0.0,0.0,0.0,0.0,0.0,0.0,0.0,0.0,0.0,0.0,0.0,0.0,0.0,6.6,4.8,6.9,0.7,3.8,19.0
465.0,Michael Bandy,WR,0.0,0.0,0.0,6.9,0.0,1.4,0.5,0.0,7.6,0.0,0.0,0.0,2.5,0.0,0.0,0.0,0.0,0.0,2.4,18.9
465.0,Marcus Johnson,WR,0.0,0.0,0.0,0.0,6.5,4.5,0.0,1.3,0.0,0.0,0.0,0.0,0.0,0.0,0.0,0.0,0.0,6.6,2.4,18.9
467.0,Anthony Schwartz,WR,4.9,0.0,0.0,0.0,0.0,0.0,0.0,0.0,0.0,1.3,0.0,11.8,0.8,0.0,0.0,0.0,0.0,0.0,2.7,18.8
468.0,Benny Snell Jr.,RB,0.0,0.0,0.0,0.0,0.0,0.0,0.0,0.0,0.0,0.0,0.0,13.8,4.5,0.4,0.0,0.0,0.0,0.0,2.1,18.7
469.0,Zander Horvath,RB,8.8,7.1,0.0,0.0,0.3,1.0,0.0,0.0,0.0,1.1,0.3,0.0,0.0,0.0,0.0,0.0,0.0,0.0,2.3,18.6
470.0,Keaontay Ingram,RB,0.0,0.0,0.0,0.0,0.0,0.7,11.7,0.0,0.2,0.5,1.9,0.5,0.0,0.1,0.0,0.2,0.0,2.3,1.6,18.1
471.0,Giovanni Ricci,TE,0.0,2.6,2.5,0.0,5.7,0.0,0.0,0.0,1.8,1.2,0.0,0.0,0.0,0.0,0.0,0.0,4.2,0.0,1.6,18.0
472.0,Parker Hesse,TE,1.5,1.5,0.0,3.2,1.9,0.0,0.0,1.9,0.0,0.0,0.0,1.9,2.6,0.0,0.0,1.8,0.0,1.6,1.5,17.9
473.0,Brycen Hopkins,TE,0.0,0.0,0.0,0.0,0.0,0.0,0.0,0.0,0.0,2.1,0.0,2.2,0.0,1.8,0.0,8.7,3.1,0.0,2.6,17.9
474.0,John Wolford,QB,0.0,0.0,0.0,0.0,0.0,0.0,0.0,0.0,0.0,9.8,0.0,0.0,8.0,0.0,0.0,0.0,0.0,0.0,8.9,17.8
475.0,Bryce Perkins,QB,0.0,0.0,0.0,0.0,0.0,0.0,0.0,0.0,0.0,0.3,6.5,10.4,0.5,0.0,0.0,-0.2,0.0,0.0,3.5,17.4
476.0,Jeff Driskel,QB,0.5,1.0,0.0,0.0,0.0,0.0,0.0,0.0,0.0,0.0,0.0,0.0,0.0,9.1,1.1,3.2,1.1,1.2,2.5,17.2
477.0,Tre' McKitty,TE,5.4,0.0,0.0,1.4,0.0,0.0,0.0,0.0,0.0,5.1,0.0,0.0,1.8,1.5,0.0,2.0,0.0,0.0,1.3,17.2
478.0,Cam Sims,WR,0.0,0.0,0.0,0.0,1.7,1.6,2.2,3.1,2.2,0.0,2.7,0.0,0.8,0.0,0.0,0.0,2.6,0.0,1.3,16.9
479.0,Ronald Jones II,RB,0.0,0.0,0.0,0.0,0.0,0.0,0.0,0.0,0.0,0.0,0.0,4.4,0.0,0.0,0.6,0.4,0.3,10.5,3.2,16.2
480.0,Dax Milne,WR,0.0,1.6,2.2,0.0,0.0,1.5,1.4,1.4,7.6,0.0,0.0,0.0,0.0,0.0,0.0,0.0,0.0,0.0,1.0,15.7
481.0,Jameson Williams,WR,0.0,0.0,0.0,0.0,0.0,0.0,0.0,0.0,0.0,0.0,0.0,0.0,0.0,11.1,0.0,0.0,4.0,0.0,2.5,15.1
482.0,Taylor Bertolet,K,0.0,0.0,0.0,0.0,12.0,0.0,3.0,0.0,0.0,0.0,0.0,0.0,0.0,0.0,0.0,0.0,0.0,0.0,5.0,15.0
483.0,Phillip Lindsay,RB,0.0,0.0,0.0,0.0,8.4,6.2,0.0,0.0,0.2,0.0,0.0,0.0,0.0,0.0,0.0,0.0,0.0,0.0,4.9,14.8
484.0,Jordan Wilkins,RB,0.0,0.0,0.0,0.0,0.0,0.0,0.0,0.0,6.8,1.8,0.0,0.0,0.0,0.0,0.0,0.4,5.7,0.0,3.7,14.7
485.0,Salvon Ahmed,RB,0.0,0.0,0.0,0.0,0.0,0.0,0.0,0.2,0.0,1.1,0.0,0.0,0.0,0.1,10.3,0.0,1.8,0.7,2.0,14.2
485.0,Brandon Johnson,WR,0.0,0.0,0.0,0.0,0.0,0.0,0.0,0.0,0.0,0.0,1.2,9.0,0.0,0.0,6.0,0.0,0.0,-2.0,2.8,14.2
487.0,Armani Rogers,TE,3.3,0.0,0.0,0.0,0.0,0.0,5.8,2.3,2.4,0.0,0.0,0.0,0.0,0.0,0.0,0.0,0.0,0.2,1.6,14.0
488.0,Dee Eskridge,WR,1.0,1.6,0.0,2.6,0.0,6.9,0.4,1.3,0.0,0.0,0.0,0.0,0.0,0.0,0.0,0.0,0.0,0.0,1.5,13.8
489.0,Trace McSorley,QB,2.5,0.0,0.0,0.0,0.0,0.0,0.0,0.0,0.0,0.0,2.0,0.0,0.0,0.0,2.6,5.1,0.0,1.5,2.7,13.6
490.0,Jalen Virgil,WR,0.0,0.0,0.0,0.0,0.0,0.0,0.0,0.0,0.0,13.6,0.0,-2.0,0.0,1.9,0.0,0.0,0.0,0.0,1.9,13.5
491.0,Trey Lance,QB,11.0,2.5,0.0,0.0,0.0,0.0,0.0,0.0,0.0,0.0,0.0,0.0,0.0,0.0,0.0,0.0,0.0,0.0,4.5,13.5
492.0,James Proche II,WR,0.0,0.0,0.0,0.0,1.7,0.0,0.0,5.4,4.2,0.0,0.0,0.0,1.9,0.0,0.0,0.0,0.0,0.0,1.1,13.2
493.0,Grant Calcaterra,TE,0.0,0.0,5.0,0.0,0.0,0.0,0.0,0.0,0.0,0.0,0.0,0.8,2.9,4.4,0.0,0.0,0.0,0.0,2.2,13.1
494.0,Chris Evans,RB,0.0,0.0,1.4,0.0,0.0,0.0,0.0,3.6,0.0,0.0,0.0,0.0,7.8,0.0,0.0,0.0,0.0,0.0,1.3,12.8
495.0,Nick Mullens,QB,0.0,0.0,0.0,0.0,0.0,0.0,0.0,0.0,-0.1,0.0,2.2,0.0,0.0,0.0,0.0,0.0,6.3,4.4,3.2,12.8
496.0,Tyrod Taylor,QB,0.0,0.0,0.0,2.4,0.0,0.0,0.0,0.0,0.0,0.0,0.0,0.0,0.0,9.9,0.0,0.0,0.0,0.0,4.1,12.3
497.0,Gunner Olszewski,WR,0.0,-0.2,0.0,0.0,0.0,0.0,0.0,0.0,0.0,1.4,5.9,0.9,0.2,1.7,1.3,0.0,0.6,0.4,0.8,12.2
498.0,Jamison Crowder,WR,5.8,2.6,1.9,1.7,0.0,0.0,0.0,0.0,0.0,0.0,0.0,0.0,0.0,0.0,0.0,0.0,0.0,0.0,3.0,12.0
499.0,Andrew Beck,TE,7.2,-0.1,0.0,0.0,0.0,1.7,0.0,0.0,0.0,0.0,0.0,0.0,0.0,0.0,0.1,0.0,3.0,0.0,1.3,11.9
500.0,Kyle Rudolph,TE,0.0,0.0,2.2,0.0,0.0,0.0,1.8,0.0,0.0,0.0,0.0,0.0,0.0,0.0,0.0,0.0,0.0,7.8,2.4,11.8
501.0,Kyle Philips,WR,10.6,-0.5,0.0,0.0,1.7,0.0,0.0,0.0,0.0,0.0,0.0,0.0,0.0,0.0,0.0,0.0,0.0,0.0,3.0,11.8
502.0,Trent Taylor,WR,0.0,0.0,0.0,0.0,0.0,-2.0,0.0,1.5,5.2,0.0,1.1,1.8,-0.3,4.4,0.0,0.0,0.0,0.0,0.7,11.7
502.0,Jordan Love,QB,2.6,0.0,0.0,0.0,0.0,0.3,0.0,0.0,0.0,0.0,0.0,8.5,0.0,0.0,0.0,0.0,0.3,0.0,2.9,11.7
504.0,Nick Vannett,TE,0.0,0.0,1.5,0.0,0.0,0.0,0.0,1.8,0.0,0.0,0.0,0.0,0.0,1.9,2.5,0.0,0.0,3.8,1.6,11.5
504.0,Kene Nwangwu,RB,0.0,0.0,0.0,0.0,0.0,0.0,0.0,0.0,0.0,0.0,1.6,6.0,0.0,0.0,0.0,0.0,0.0,3.9,0.8,11.5
506.0,Andre Baccellia,WR,0.0,3.2,3.3,0.0,0.0,0.0,0.0,0.0,0.0,0.0,0.0,1.7,0.0,0.0,0.0,0.0,1.7,1.6,2.3,11.5
507.0,Freddie Swain,WR,0.0,0.0,0.0,0.0,0.0,0.0,0.0,0.0,0.0,0.0,0.0,0.0,0.0,0.0,1.9,2.1,0.0,7.4,3.8,11.4
508.0,Kevin Harris,RB,0.0,0.0,0.0,0.0,0.0,0.5,0.0,0.0,0.0,0.0,0.0,0.0,-0.1,8.6,1.9,0.3,0.0,0.0,2.2,11.2
508.0,John Brown,WR,0.0,0.0,0.0,0.0,0.0,0.0,0.0,0.0,0.0,0.0,0.0,0.0,0.0,0.0,0.0,0.0,0.0,11.2,5.6,11.2
510.0,Trevor Siemian,QB,0.0,0.0,0.0,0.0,0.0,0.0,0.0,0.2,0.0,0.0,0.0,11.0,0.0,0.0,0.0,0.0,0.0,0.0,5.6,11.2
511.0,Deven Thompkins,WR,0.0,0.0,0.0,0.0,0.0,0.0,0.0,0.0,0.0,0.0,0.0,0.0,0.0,0.0,2.6,0.0,0.0,8.2,2.2,10.8
512.0,Darrynton Evans,RB,0.0,0.0,0.0,0.0,0.0,0.0,0.0,0.0,0.0,0.0,0.0,7.7,2.1,0.0,0.9,0.0,0.0,0.0,3.6,10.7
513.0,Jake Kumerow,WR,0.0,7.0,3.4,0.0,0.0,0.0,0.0,0.0,0.0,0.0,0.0,0.0,0.0,0.0,0.0,0.0,0.0,0.0,2.1,10.4
514.0,Tony Jones Jr.,RB,0.0,4.0,0.0,0.0,0.0,0.0,0.0,0.0,0.0,0.0,0.0,0.0,5.2,1.2,0.0,0.0,0.0,0.0,3.5,10.4
515.0,Ty Montgomery,RB,10.3,0.0,0.0,0.0,0.0,0.0,0.0,0.0,0.0,0.0,0.0,0.0,0.0,0.0,0.0,0.0,0.0,0.0,10.3,10.3
516.0,Chris Manhertz,TE,0.0,0.0,0.0,1.0,3.5,0.0,0.0,0.9,1.7,0.0,0.0,0.0,0.0,3.1,0.0,0.0,0.0,0.0,1.3,10.2
516.0,Ke'Shawn Vaughn,RB,0.0,0.0,0.0,0.0,0.0,0.0,0.0,0.0,0.4,2.3,0.0,1.5,0.0,0.0,0.0,0.6,0.0,5.4,1.1,10.2
516.0,Snoop Conner,RB,0.0,0.0,0.0,0.0,0.0,0.0,0.0,0.0,0.0,0.0,0.0,1.1,0.6,0.0,0.3,0.5,7.7,0.0,2.0,10.2
516.0,Laquon Treadwell,WR,0.0,0.0,0.0,0.0,0.0,0.0,0.0,0.0,0.0,0.0,0.0,0.0,1.1,0.0,0.0,5.6,3.5,0.0,3.4,10.2
520.0,Caleb Shudak,K,0.0,0.0,0.0,0.0,0.0,0.0,0.0,0.0,0.0,0.0,0.0,10.0,0.0,0.0,0.0,0.0,0.0,0.0,10.0,10.0
520.0,Blake Bell,TE,0.0,0.0,0.0,0.0,0.0,0.0,0.0,0.0,0.0,0.0,0.0,0.0,0.0,0.0,0.0,0.0,8.7,1.3,5.0,10.0
520.0,Tristan Vizcaino,K,0.0,0.0,0.0,0.0,0.0,0.0,0.0,0.0,0.0,10.0,0.0,0.0,0.0,0.0,0.0,0.0,0.0,0.0,3.3,10.0
520.0,Ronnie Rivers,RB,0.0,0.0,0.0,0.0,0.0,2.4,0.0,7.6,0.0,0.0,0.0,0.0,0.0,0.0,0.0,0.0,0.0,0.0,5.0,10.0
524.0,Tyrion Davis-Price,RB,0.0,3.3,0.0,0.0,0.0,0.0,0.4,0.0,0.0,0.0,0.0,0.0,0.0,0.0,0.0,3.0,0.5,2.7,2.0,9.9
525.0,Tyler Kroft,TE,1.9,0.0,0.0,0.0,0.0,0.0,0.0,1.6,0.0,0.0,0.0,0.0,2.4,0.0,3.8,0.0,0.0,0.0,1.6,9.7
526.0,Cole Beasley,WR,0.0,0.0,4.2,1.5,0.0,0.0,0.0,0.0,0.0,0.0,0.0,0.0,0.0,0.0,1.9,1.9,0.0,0.0,1.9,9.5
527.0,Tyler Badie,RB,0.0,0.0,0.0,0.0,0.0,0.0,0.0,0.0,0.0,0.0,0.0,0.0,0.0,0.0,0.0,0.0,0.0,9.4,9.4,9.4
527.0,Kevin White,WR,0.0,0.0,0.0,0.0,0.0,0.0,7.4,0.0,2.0,0.0,0.0,0.0,0.0,0.0,0.0,0.0,0.0,0.0,1.6,9.4
527.0,Myles Gaskin,RB,0.0,0.0,0.0,0.0,6.3,0.0,0.0,0.0,0.0,0.0,0.0,3.1,0.0,0.0,0.0,0.0,0.0,0.0,4.7,9.4
530.0,Nathan Peterman,QB,0.0,0.0,0.0,0.0,0.0,0.0,0.0,0.0,0.0,0.0,0.0,0.0,0.0,0.0,0.0,0.0,0.0,9.3,3.1,9.3
531.0,David Johnson,RB,0.0,0.0,0.0,0.0,0.0,0.0,0.0,0.0,0.0,0.0,1.7,0.0,0.0,0.0,-0.8,3.4,0.0,4.8,2.3,9.1
532.0,Michael Woods II,WR,0.0,0.0,0.0,0.0,0.0,2.5,0.0,1.6,0.0,0.0,0.0,0.0,0.0,0.0,0.9,1.5,0.0,2.5,1.1,9.0
532.0,Chris Streveler,QB,0.0,0.0,0.0,0.0,0.0,0.0,0.0,0.0,0.0,0.0,0.0,0.0,0.0,0.0,0.0,9.0,0.0,0.0,9.0,9.0
534.0,Charlie Kolar,TE,0.0,0.0,0.0,0.0,0.0,0.0,0.0,0.0,0.0,0.0,0.0,0.0,0.0,0.0,0.0,0.0,0.0,8.9,8.9,8.9
535.0,Mike Strachan,WR,5.6,3.3,0.0,0.0,0.0,0.0,0.0,0.0,0.0,0.0,0.0,0.0,0.0,0.0,0.0,0.0,0.0,0.0,1.5,8.9
536.0,Chris Conley,WR,0.0,0.0,0.0,0.0,0.0,0.0,0.0,0.0,0.0,0.0,0.0,0.0,0.0,3.7,4.9,0.0,0.0,0.0,2.2,8.6
537.0,Chase Daniel,QB,0.0,0.0,0.0,0.0,0.0,0.0,0.0,0.0,0.0,0.0,0.0,0.0,0.0,0.0,0.0,0.0,1.1,7.4,2.8,8.5
538.0,Cody Hollister,WR,3.2,0.0,0.0,0.0,0.0,0.0,5.2,0.0,0.0,0.0,0.0,0.0,0.0,0.0,0.0,0.0,0.0,0.0,1.4,8.4
538.0,Jalen Guyton,WR,0.0,0.0,8.4,0.0,0.0,0.0,0.0,0.0,0.0,0.0,0.0,0.0,0.0,0.0,0.0,0.0,0.0,0.0,4.2,8.4
538.0,Isaiah Spiller,RB,0.0,0.0,0.0,0.0,0.0,0.0,-0.5,0.0,2.9,0.3,4.2,1.5,0.0,0.0,0.0,0.0,0.0,0.0,1.7,8.4
541.0,Julius Chestnut,RB,0.0,0.0,0.0,0.0,0.0,0.0,0.0,0.0,0.0,0.0,0.0,0.0,1.3,2.8,0.0,0.0,4.2,0.0,1.4,8.3
542.0,Luke Farrell,TE,0.0,0.0,0.0,0.0,0.0,2.1,0.0,0.0,2.5,0.0,0.0,0.0,1.3,0.0,0.0,0.0,0.0,2.1,2.0,8.0
542.0,Trayveon Williams,RB,0.0,0.0,0.0,0.0,0.0,0.0,0.0,0.0,0.0,0.0,0.7,5.2,0.3,1.8,0.0,0.0,0.0,0.0,0.9,8.0
544.0,Jaret Patterson,RB,0.0,0.0,0.0,0.0,0.0,0.0,0.0,0.0,0.0,0.0,0.0,0.0,0.0,0.0,0.0,0.0,0.0,7.8,3.9,7.8
544.0,Mike Thomas,WR,3.5,0.0,0.0,0.0,4.3,0.0,0.0,0.0,0.0,0.0,0.0,0.0,0.0,0.0,0.0,0.0,0.0,0.0,1.6,7.8
546.0,Tyler Mabry,TE,0.0,0.0,0.0,0.0,0.0,0.0,0.0,0.0,0.0,0.0,0.0,0.0,0.0,0.0,0.0,0.0,7.7,0.0,7.7,7.7
547.0,Anthony Brown,QB,0.0,0.0,0.0,0.0,0.0,0.0,0.0,0.0,0.0,0.0,0.0,0.0,0.0,0.1,0.0,0.0,0.0,7.4,3.8,7.6
548.0,Spencer Brown,RB,0.0,0.0,0.0,0.0,0.0,0.0,0.0,2.7,4.6,0.0,0.0,0.0,0.0,0.0,0.0,0.0,0.0,0.0,3.7,7.3
548.0,Tylan Wallace,WR,0.0,1.9,0.0,0.0,1.8,1.4,0.0,0.0,0.0,0.0,0.0,0.0,0.0,0.0,0.0,0.0,0.0,2.2,1.2,7.3
550.0,Nick Sciba,K,0.0,0.0,0.0,0.0,0.0,0.0,0.0,7.0,0.0,0.0,0.0,0.0,0.0,0.0,0.0,0.0,0.0,0.0,7.0,7.0
550.0,Zamir White,RB,0.0,0.2,0.0,2.4,-0.7,0.0,0.2,0.0,-0.1,-0.1,0.0,2.8,0.6,0.9,0.4,0.0,0.0,0.4,0.6,7.0
552.0,Ryan Griffin,TE,0.0,2.8,0.0,0.0,1.1,0.0,1.5,0.0,0.0,0.0,0.0,0.0,0.0,0.0,0.0,1.2,0.0,0.0,0.7,6.6
552.0,Tyler Davis,TE,1.3,0.0,4.6,0.0,0.7,0.0,0.0,0.0,0.0,0.0,0.0,0.0,0.0,0.0,0.0,0.0,0.0,0.0,0.6,6.6
552.0,Trevon Wesco,TE,0.0,0.0,0.0,3.3,0.0,0.0,0.0,0.0,2.0,0.0,0.0,1.3,0.0,0.0,0.0,0.0,0.0,0.0,1.1,6.6
552.0,Stephen Sullivan,TE,0.0,2.3,0.0,0.0,0.0,0.0,0.0,4.3,0.0,0.0,0.0,0.0,0.0,0.0,0.0,0.0,0.0,0.0,0.8,6.6
556.0,Racey McMath,WR,0.0,0.0,0.0,0.0,0.0,0.0,0.0,0.0,0.0,0.0,0.0,0.0,0.0,0.0,1.1,0.0,4.9,0.4,1.6,6.4
557.0,Trestan Ebner,RB,0.0,0.0,2.3,2.8,0.0,0.0,0.8,-0.5,0.0,0.0,0.8,0.0,0.0,0.0,0.0,0.0,0.0,0.0,0.6,6.2
558.0,Anthony McFarland Jr.,RB,0.0,0.0,0.0,0.0,0.0,0.0,0.0,0.0,0.0,0.0,0.0,6.1,0.0,0.0,0.0,0.0,0.0,0.0,6.1,6.1
559.0,Tim Jones,WR,0.0,0.0,0.0,0.0,0.0,3.0,1.7,0.0,0.0,0.0,0.0,0.0,1.3,0.0,0.0,0.0,0.0,0.0,0.9,6.0
559.0,Jakob Johnson,RB,1.1,0.0,0.0,0.0,1.5,0.0,0.0,0.0,0.0,0.0,1.0,0.0,0.0,1.1,0.0,0.0,0.0,1.3,0.5,6.0
559.0,Dominik Eberle,K,0.0,0.0,0.0,6.0,0.0,0.0,0.0,0.0,0.0,0.0,0.0,0.0,0.0,0.0,0.0,0.0,0.0,0.0,6.0,6.0
562.0,Patrick Taylor Jr.,RB,0.0,0.0,0.0,0.0,0.0,0.0,0.0,0.0,0.0,0.0,0.0,0.0,0.6,0.0,1.5,2.7,1.0,0.0,0.8,5.8
563.0,Nick Foles,QB,0.0,0.0,0.0,0.0,0.0,0.0,0.0,0.0,0.0,0.0,0.0,0.0,0.0,0.0,0.0,2.7,3.0,0.0,2.9,5.8
564.0,Stone Smartt,TE,0.0,0.0,0.0,0.0,0.0,0.0,0.0,0.0,0.0,0.0,1.6,0.0,2.3,1.8,0.0,0.0,0.0,0.0,1.9,5.7
565.0,Ben Ellefson,TE,1.2,0.0,4.4,0.0,0.0,0.0,0.0,0.0,0.0,0.0,0.0,0.0,0.0,0.0,0.0,0.0,0.0,0.0,2.8,5.6
566.0,Dwayne Washington,RB,0.0,1.8,0.0,0.0,0.0,0.0,0.0,1.3,2.4,0.0,0.0,0.0,0.0,0.0,0.0,0.0,0.0,0.0,0.8,5.5
566.0,Kendall Blanton,TE,0.0,0.0,3.8,1.7,0.0,0.0,0.0,0.0,0.0,0.0,0.0,0.0,0.0,0.0,0.0,0.0,0.0,0.0,2.8,5.5
568.0,Simi Fehoko,WR,3.2,0.0,2.2,0.0,0.0,0.0,0.0,0.0,0.0,0.0,0.0,0.0,0.0,0.0,0.0,0.0,0.0,0.0,1.8,5.4
569.0,D'Ernest Johnson,RB,0.0,0.0,0.0,0.0,0.0,2.9,0.0,1.7,0.0,0.8,0.0,0.0,0.0,0.0,0.0,0.0,0.0,0.0,0.5,5.4
570.0,Larry Rountree III,RB,0.0,0.0,0.0,0.0,0.0,0.0,0.0,0.0,0.0,0.0,0.0,0.0,0.0,0.0,0.0,0.0,3.8,1.5,1.8,5.3
571.0,Montrell Washington,WR,0.0,1.9,0.0,1.4,0.9,-1.0,0.2,1.1,0.0,0.0,0.0,0.8,-0.1,0.0,0.0,0.0,0.0,0.0,0.3,5.2
571.0,Jonathan Ward,RB,0.0,0.0,0.0,0.0,0.0,0.0,0.0,0.0,0.0,0.0,0.0,0.0,0.0,0.0,0.0,0.0,4.0,1.2,1.3,5.2
573.0,Blaine Gabbert,QB,0.0,0.0,0.0,0.0,0.0,0.0,0.0,0.0,0.0,0.0,0.0,0.0,0.0,0.0,0.0,0.0,0.0,5.2,5.2,5.2
574.0,Penny Hart,WR,0.0,0.0,2.5,0.0,0.0,0.0,0.0,0.0,0.0,0.0,0.0,0.0,0.0,0.0,1.3,1.2,0.0,0.0,1.7,5.0
575.0,Jesper Horsted,TE,0.0,0.0,0.0,0.0,4.9,0.0,0.0,0.0,0.0,0.0,0.0,0.0,0.0,0.0,0.0,0.0,0.0,0.0,1.0,4.9
576.0,Jaelon Darden,WR,0.2,0.0,3.5,0.0,0.0,0.0,1.1,0.0,0.0,0.0,0.0,0.0,0.0,0.0,0.0,0.0,0.0,0.0,0.3,4.8
577.0,Adam Prentice,RB,0.0,1.2,0.0,0.0,0.0,0.0,0.0,0.0,0.0,0.0,0.0,0.0,0.2,0.0,1.3,0.5,1.6,0.0,0.8,4.8
577.0,Maxx Williams,TE,0.0,0.0,0.0,0.0,0.0,0.0,0.0,0.0,0.0,0.0,1.7,0.0,0.0,0.0,3.1,0.0,0.0,0.0,1.6,4.8
577.0,Tyrie Cleveland,WR,0.0,4.8,0.0,0.0,0.0,0.0,0.0,0.0,0.0,0.0,0.0,0.0,0.0,0.0,0.0,0.0,0.0,0.0,1.0,4.8
580.0,Giovani Bernard,RB,0.0,0.0,0.0,0.0,0.0,0.0,0.0,0.0,0.0,0.0,0.0,0.0,0.0,0.0,0.0,0.0,0.0,4.7,1.2,4.7
581.0,Daylen Baldwin,WR,0.0,0.0,0.0,0.0,0.0,0.0,0.0,0.0,0.0,0.0,0.0,0.0,0.0,0.0,4.5,0.0,0.0,0.0,4.5,4.5
581.0,Bryan Edwards,WR,0.0,1.2,0.0,0.0,2.0,0.0,0.0,1.3,0.0,0.0,0.0,0.0,0.0,0.0,0.0,0.0,0.0,0.0,1.1,4.5
583.0,Dareke Young,WR,0.0,0.0,0.0,0.0,0.0,0.0,0.0,0.0,0.0,0.0,0.0,0.0,0.0,0.0,0.0,0.0,0.0,4.4,0.6,4.4
583.0,Dezmon Patmon,WR,0.0,4.4,0.0,0.0,0.0,0.0,0.0,0.0,0.0,0.0,0.0,0.0,0.0,0.0,0.0,0.0,0.0,0.0,4.4,4.4
585.0,Cole Turner,TE,0.0,0.0,0.0,0.0,0.0,4.3,0.0,0.0,0.0,0.0,0.0,0.0,0.0,0.0,0.0,0.0,0.0,0.0,0.6,4.3
586.0,Mike Davis,RB,1.1,0.4,0.0,0.0,0.3,0.0,0.0,0.0,1.7,0.0,0.7,0.0,0.0,0.0,0.0,0.0,0.0,0.0,0.8,4.2
587.0,Andy Isabella,WR,2.0,0.0,2.1,0.0,0.0,0.0,0.0,0.0,0.0,0.0,0.0,0.0,0.0,0.0,0.0,0.0,0.1,0.0,1.1,4.2
588.0,Cade Johnson,WR,0.0,0.0,0.0,0.0,0.0,0.0,0.0,0.0,0.0,0.0,0.0,0.0,0.0,0.0,0.0,0.0,0.0,4.1,2.1,4.1
588.0,Pharoh Cooper,WR,0.0,0.0,0.0,0.0,0.0,0.0,0.0,0.0,0.0,0.0,0.0,0.0,0.0,0.0,0.0,0.0,0.8,3.3,0.8,4.1
590.0,Lil'Jordan Humphrey,WR,0.0,2.1,0.0,1.9,0.0,0.0,0.0,0.0,0.0,0.0,0.0,0.0,0.0,0.0,0.0,0.0,0.0,0.0,1.0,4.0
591.0,Stephen Anderson,TE,0.0,1.2,0.0,0.0,0.0,0.0,0.0,0.0,0.0,0.0,0.0,0.0,0.0,2.7,0.0,0.0,0.0,0.0,0.4,3.9
592.0,Keith Kirkwood,WR,0.0,0.0,0.0,0.0,1.4,2.4,0.0,0.0,0.0,0.0,0.0,0.0,0.0,0.0,0.0,0.0,0.0,0.0,1.3,3.8
592.0,Michael Burton,RB,0.0,1.8,0.2,0.0,0.0,0.0,0.0,0.0,1.9,-0.1,0.0,0.0,0.0,0.0,0.0,0.0,0.0,0.0,0.3,3.8
594.0,Dennis Houston,WR,3.6,0.0,0.0,0.0,0.0,0.0,0.0,0.0,0.0,0.0,0.0,0.0,0.0,0.0,0.0,0.0,0.0,0.0,1.8,3.6
595.0,Quintez Cephus,WR,0.0,0.0,0.0,3.5,0.0,0.0,0.0,0.0,0.0,0.0,0.0,0.0,0.0,0.0,0.0,0.0,0.0,0.0,1.2,3.5
596.0,Nsimba Webster,WR,0.0,0.0,0.0,0.0,0.0,0.0,0.0,0.0,0.0,0.0,0.0,0.0,0.0,0.0,3.4,0.0,0.0,0.0,3.4,3.4
597.0,Austin Trammell,WR,0.0,0.0,0.0,0.0,0.0,0.0,0.0,0.0,0.0,0.0,0.0,0.0,1.8,1.5,0.0,0.0,0.0,0.0,1.7,3.3
598.0,Jalen Tolbert,WR,0.0,0.0,1.4,0.0,0.0,0.0,0.0,0.0,0.0,0.0,1.8,0.0,0.0,0.0,0.0,0.0,0.0,0.0,1.1,3.2
599.0,Miles Boykin,WR,0.0,0.0,0.0,0.0,2.1,0.0,0.0,0.0,0.0,0.0,0.0,0.0,0.0,0.0,1.0,0.0,0.0,0.0,0.3,3.1
599.0,Sean McKeon,TE,0.0,0.0,0.0,0.0,0.0,2.0,0.0,0.0,0.0,1.1,0.0,0.0,0.0,0.0,0.0,0.0,0.0,0.0,1.0,3.1
601.0,Josh Lambo,K,0.0,0.0,0.0,0.0,0.0,0.0,0.0,0.0,0.0,0.0,3.0,0.0,0.0,0.0,0.0,0.0,0.0,0.0,3.0,3.0
602.0,Danny Gray,WR,0.0,0.0,0.0,0.0,0.0,0.0,0.0,0.0,0.0,0.0,0.0,0.0,0.0,2.0,0.0,0.0,0.9,0.0,0.4,2.9
603.0,J.J. Taylor,RB,0.0,0.0,0.0,0.0,0.0,0.0,0.0,0.0,2.7,0.0,0.0,0.0,0.0,0.0,0.0,0.0,0.0,0.0,2.7,2.7
603.0,Juwann Winfree,WR,2.7,0.0,0.0,0.0,0.0,0.0,0.0,0.0,0.0,0.0,0.0,0.0,0.0,0.0,0.0,0.0,0.0,0.0,0.9,2.7
605.0,Mason Schreck,TE,0.0,0.0,0.0,1.0,1.6,0.0,0.0,0.0,0.0,0.0,0.0,0.0,0.0,0.0,0.0,0.0,0.0,0.0,1.3,2.6
605.0,DJ Turner,WR,0.0,0.0,0.0,0.0,0.0,0.0,2.0,0.0,0.0,0.0,0.0,0.0,0.0,0.6,0.0,0.0,0.0,0.0,0.4,2.6
607.0,Frank Darby,WR,0.0,0.0,0.0,0.0,0.0,0.0,0.0,0.0,0.0,0.0,0.0,0.0,0.0,0.0,0.0,0.0,0.0,2.5,2.5,2.5
607.0,Devin Asiasi,TE,0.0,0.0,0.0,0.0,0.0,0.0,0.0,0.0,0.0,0.0,0.0,0.0,0.0,0.0,0.0,2.5,0.0,0.0,0.5,2.5
609.0,Demetric Felton Jr.,RB,0.0,0.9,0.0,0.0,0.0,0.0,0.0,0.0,0.0,0.0,0.0,0.0,0.0,0.0,1.5,0.0,0.0,0.0,0.4,2.4
610.0,Ty Chandler,RB,0.0,0.0,0.0,0.0,0.0,0.0,0.0,0.0,0.0,0.0,0.0,0.0,0.0,0.0,0.0,0.0,0.0,2.0,1.0,2.0
610.0,Keith Smith,RB,0.0,0.0,0.0,0.0,0.0,2.0,0.0,0.0,0.0,0.0,0.0,0.0,0.0,0.0,0.0,0.0,0.0,0.0,0.2,2.0
612.0,Trey Sermon,RB,0.0,0.0,0.0,1.9,0.0,0.0,0.0,0.0,0.0,0.0,0.0,0.0,0.0,0.0,0.0,0.0,0.0,0.0,1.9,1.9
612.0,Damarea Crockett,RB,0.0,0.0,0.0,0.0,0.0,0.0,0.0,0.0,0.0,1.9,0.0,0.0,0.0,0.0,0.0,0.0,0.0,0.0,1.9,1.9
614.0,Tyron Johnson,WR,0.0,0.0,0.0,0.0,0.0,0.0,0.0,0.0,1.8,0.0,0.0,0.0,0.0,0.0,0.0,0.0,0.0,0.0,0.9,1.8
614.0,Jeremy Ruckert,TE,0.0,0.0,0.0,0.0,0.0,0.0,0.0,0.0,0.0,0.0,0.0,0.0,0.0,0.0,0.0,0.0,0.0,1.8,0.9,1.8
616.0,Drew Sample,TE,1.2,0.6,0.0,0.0,0.0,0.0,0.0,0.0,0.0,0.0,0.0,0.0,0.0,0.0,0.0,0.0,0.0,0.0,0.9,1.8
617.0,Jalen Camp,WR,0.0,0.0,0.0,0.0,0.0,0.0,0.0,0.0,1.7,0.0,0.0,0.0,0.0,0.0,0.0,0.0,0.0,0.0,1.7,1.7
617.0,Godwin Igwebuike,RB,0.0,0.0,0.0,0.0,0.0,0.0,0.0,0.0,0.0,0.0,0.0,0.0,0.0,0.0,0.0,0.0,1.7,0.0,0.3,1.7
617.0,Braylon Sanders,WR,0.0,0.0,0.0,0.0,0.0,0.0,0.0,1.7,0.0,0.0,0.0,0.0,0.0,0.0,0.0,0.0,0.0,0.0,0.9,1.7
617.0,Maurice Alexander,WR,0.0,0.0,0.0,0.0,0.0,0.0,0.0,1.7,0.0,0.0,0.0,0.0,0.0,0.0,0.0,0.0,0.0,0.0,0.6,1.7
617.0,Devine Ozigbo,RB,0.0,0.0,0.0,0.0,0.2,0.0,0.0,0.0,0.0,0.0,0.0,1.3,0.0,0.0,0.2,0.0,0.0,0.0,0.6,1.7
617.0,Tommy Sweeney,TE,0.0,0.0,0.0,0.0,0.0,1.7,0.0,0.0,0.0,0.0,0.0,0.0,0.0,0.0,0.0,0.0,0.0,0.0,0.9,1.7
623.0,C.J. Board,WR,0.0,0.0,0.0,0.0,0.0,0.0,0.0,0.0,0.0,0.0,0.0,0.0,1.6,0.0,0.0,0.0,0.0,0.0,0.4,1.6
623.0,Jacob Harris,TE,0.0,0.0,0.0,0.0,0.0,0.0,0.0,0.0,0.0,0.0,0.0,1.6,0.0,0.0,0.0,0.0,0.0,0.0,0.5,1.6
625.0,Jason Moore Jr.,WR,0.0,0.0,0.0,0.0,0.0,0.0,1.5,0.0,0.0,0.0,0.0,0.0,0.0,0.0,0.0,0.0,0.0,0.0,1.5,1.5
625.0,Ty'Son Williams,RB,0.0,0.0,0.0,0.0,0.0,0.0,0.0,0.0,0.0,0.0,0.0,0.0,0.0,0.0,0.0,0.0,0.0,1.5,1.5,1.5
627.0,Brian Hoyer,QB,0.0,0.0,0.0,1.5,0.0,0.0,0.0,0.0,0.0,0.0,0.0,0.0,0.0,0.0,0.0,0.0,0.0,0.0,1.5,1.5
628.0,Richard Rodgers,TE,0.0,0.0,0.0,0.0,0.0,0.0,0.0,0.0,0.0,1.4,0.0,0.0,0.0,0.0,0.0,0.0,0.0,0.0,0.5,1.4
629.0,Jacob Eason,QB,0.0,0.0,0.0,0.0,0.0,1.4,0.0,0.0,0.0,0.0,0.0,0.0,0.0,0.0,0.0,0.0,0.0,0.0,1.4,1.4
630.0,Mason Kinsey,WR,0.0,0.0,0.0,0.0,0.0,0.0,1.3,0.0,0.0,0.0,0.0,0.0,0.0,0.0,0.0,0.0,0.0,0.0,0.7,1.3
630.0,Erik Ezukanma,WR,0.0,0.0,0.0,0.0,0.0,0.0,0.0,0.0,0.0,0.0,0.0,0.0,0.0,0.0,0.0,0.0,0.0,1.3,1.3,1.3
632.0,Deonte Harty,WR,1.4,1.9,0.0,-2.0,0.0,0.0,0.0,0.0,0.0,0.0,0.0,0.0,0.0,0.0,0.0,0.0,0.0,0.0,0.3,1.3
633.0,Cody White,WR,0.0,0.0,0.0,0.0,0.0,0.0,0.0,0.0,0.0,0.0,0.0,1.2,0.0,0.0,0.0,0.0,0.0,0.0,1.2,1.2
633.0,Jerome Ford,RB,0.0,0.0,0.0,0.0,0.0,0.0,0.0,0.0,0.0,0.0,0.0,0.0,0.3,0.0,0.0,0.0,0.9,0.0,0.1,1.2
635.0,Keke Coutee,WR,0.0,0.0,0.0,0.0,0.0,0.0,0.0,0.0,0.0,1.0,0.0,0.0,0.0,0.0,0.0,0.0,0.0,0.0,0.1,1.0
636.0,Kyle Trask,QB,0.0,0.0,0.0,0.0,0.0,0.0,0.0,0.0,0.0,0.0,0.0,0.0,0.0,0.0,0.0,0.0,0.0,0.9,0.9,0.9
637.0,Reggie Bonnafon,RB,0.0,0.0,0.0,0.0,0.0,0.0,0.0,0.0,0.0,0.0,0.0,0.0,0.0,0.0,0.0,0.0,0.0,0.8,0.8,0.8
638.0,Brandon Allen,QB,0.0,0.0,0.0,0.0,0.0,0.0,0.0,0.0,0.8,0.0,0.0,0.0,0.0,0.0,0.0,0.0,0.0,0.0,0.8,0.8
639.0,Kylin Hill,RB,0.0,0.0,0.0,0.0,0.0,0.0,0.0,0.0,0.7,0.0,0.0,0.0,0.0,0.0,0.0,0.0,0.0,0.0,0.7,0.7
639.0,Josh Johnson,QB,0.0,0.0,0.0,0.0,0.0,0.0,0.0,0.0,0.0,0.0,0.0,0.0,0.0,0.7,0.0,0.0,0.0,0.0,0.7,0.7
641.0,Duke Johnson Jr.,RB,0.0,0.0,0.0,0.0,0.0,0.0,0.0,0.0,0.0,0.4,0.0,0.0,0.0,0.0,0.0,0.0,0.0,0.0,0.4,0.4
641.0,Ihmir Smith-Marsette,WR,0.0,0.0,0.0,0.0,0.5,-0.1,0.0,0.0,0.0,0.0,0.0,0.0,0.0,0.0,0.0,0.0,0.0,0.0,0.1,0.4
643.0,Case Keenum,QB,0.0,0.2,0.0,0.0,0.1,0.0,0.0,0.0,0.0,0.0,0.0,0.0,0.0,0.0,0.0,0.0,0.0,0.0,0.2,0.3
644.0,Damien Williams,RB,0.2,0.0,0.0,0.0,0.0,0.0,0.0,0.0,0.0,0.0,0.0,0.0,0.0,0.0,0.0,0.0,0.0,0.0,0.2,0.2
645.0,Jordan Howard,RB,0.0,0.0,0.0,0.0,0.0,0.0,0.0,0.0,0.0,0.1,0.0,0.0,0.0,0.0,0.0,0.0,0.0,0.0,0.1,0.1
646.0,Qadree Ollison,RB,0.0,0.0,0.0,0.0,0.0,0.0,0.0,0.0,0.0,0.0,0.0,0.0,0.0,0.0,0.0,0.0,0.0,0.0,0.0,0.0
646.0,Nick Boyle,TE,0.0,0.0,0.0,0.0,0.0,0.0,0.0,0.0,0.0,0.0,0.0,0.0,0.0,0.0,0.0,0.0,0.0,0.0,0.0,0.0
646.0,Jashaun Corbin,RB,0.0,0.0,0.0,0.0,0.0,0.0,0.0,0.0,0.0,0.0,0.0,0.0,0.0,0.0,0.0,0.0,0.0,0.0,0.0,0.0
646.0,Emeka Emezie,WR,0.0,0.0,0.0,0.0,0.0,0.0,0.0,0.0,0.0,0.0,0.0,0.0,0.0,0.0,0.0,0.0,0.0,0.0,0.0,0.0
646.0,Chris Pierce Jr.,TE,0.0,0.0,0.0,0.0,0.0,0.0,0.0,0.0,0.0,0.0,0.0,0.0,0.0,0.0,0.0,0.0,0.0,0.0,0.0,0.0
646.0,Alex Erickson,WR,0.0,0.0,0.0,0.0,0.0,0.0,0.0,0.0,0.0,0.0,0.0,0.0,0.0,0.0,0.0,0.0,0.0,0.0,0.0,0.0
646.0,Alex Bachman,WR,0.0,0.0,0.0,0.0,0.0,0.0,0.0,0.0,0.0,0.0,0.0,0.0,0.0,0.0,0.0,0.0,0.0,0.0,0.0,0.0
646.0,Lance McCutcheon,WR,0.0,0.0,0.0,0.0,0.0,0.0,0.0,0.0,0.0,0.0,0.0,0.0,0.0,0.0,0.0,0.0,0.0,0.0,0.0,0.0
646.0,Trenton Cannon,RB,0.0,0.0,0.0,0.0,0.0,0.0,0.0,0.0,0.0,0.0,0.0,0.0,0.0,0.0,0.0,0.0,0.0,0.0,0.0,0.0
646.0,Bryant Koback,RB,0.0,0.0,0.0,0.0,0.0,0.0,0.0,0.0,0.0,0.0,0.0,0.0,0.0,0.0,0.0,0.0,0.0,0.0,0.0,0.0
646.0,Tay Martin,WR,0.0,0.0,0.0,0.0,0.0,0.0,0.0,0.0,0.0,0.0,0.0,0.0,0.0,0.0,0.0,0.0,0.0,0.0,0.0,0.0
646.0,Kirk Merritt,WR,0.0,0.0,0.0,0.0,0.0,0.0,0.0,0.0,0.0,0.0,0.0,0.0,0.0,0.0,0.0,0.0,0.0,0.0,0.0,0.0
646.0,Nikola Kalinic,TE,0.0,0.0,0.0,0.0,0.0,0.0,0.0,0.0,0.0,0.0,0.0,0.0,0.0,0.0,0.0,0.0,0.0,0.0,0.0,0.0
646.0,James Washington,WR,0.0,0.0,0.0,0.0,0.0,0.0,0.0,0.0,0.0,0.0,0.0,0.0,0.0,0.0,0.0,0.0,0.0,0.0,0.0,0.0
646.0,Matt Corral,QB,0.0,0.0,0.0,0.0,0.0,0.0,0.0,0.0,0.0,0.0,0.0,0.0,0.0,0.0,0.0,0.0,0.0,0.0,0.0,0.0
646.0,Davis Cheek,QB,0.0,0.0,0.0,0.0,0.0,0.0,0.0,0.0,0.0,0.0,0.0,0.0,0.0,0.0,0.0,0.0,0.0,0.0,0.0,0.0
646.0,Austin Allen,TE,0.0,0.0,0.0,0.0,0.0,0.0,0.0,0.0,0.0,0.0,0.0,0.0,0.0,0.0,0.0,0.0,0.0,0.0,0.0,0.0
646.0,Jared Pinkney,TE,0.0,0.0,0.0,0.0,0.0,0.0,0.0,0.0,0.0,0.0,0.0,0.0,0.0,0.0,0.0,0.0,0.0,0.0,0.0,0.0
646.0,Rico Dowdle,RB,0.0,0.0,0.0,0.0,0.0,0.0,0.0,0.0,0.0,0.0,0.0,0.0,0.0,0.0,0.0,0.0,0.0,0.0,0.0,0.0
646.0,Josh Gordon,WR,0.0,0.0,0.0,0.0,0.0,0.0,0.0,0.0,0.0,0.0,0.0,0.0,0.0,0.0,0.0,0.0,0.0,0.0,0.0,0.0
646.0,Tanner Conner,WR,0.0,0.0,0.0,0.0,0.0,0.0,0.0,0.0,0.0,0.0,0.0,0.0,0.0,0.0,0.0,0.0,0.0,0.0,0.0,0.0
646.0,Dan Chisena,WR,0.0,0.0,0.0,0.0,0.0,0.0,0.0,0.0,0.0,0.0,0.0,0.0,0.0,0.0,0.0,0.0,0.0,0.0,0.0,0.0
646.0,Britain Covey,WR,0.0,0.0,0.0,0.0,0.0,0.0,0.0,0.0,0.0,0.0,0.0,0.0,0.0,0.0,0.0,0.0,0.0,0.0,0.0,0.0
646.0,Tanner Gentry,WR,0.0,0.0,0.0,0.0,0.0,0.0,0.0,0.0,0.0,0.0,0.0,0.0,0.0,0.0,0.0,0.0,0.0,0.0,0.0,0.0
646.0,Kevin Rader,TE,0.0,0.0,0.0,0.0,0.0,0.0,0.0,0.0,0.0,0.0,0.0,0.0,0.0,0.0,0.0,0.0,0.0,0.0,0.0,0.0
646.0,Cullen Gillaspia,RB,0.0,0.0,0.0,0.0,0.0,0.0,0.0,0.0,0.0,0.0,0.0,0.0,0.0,0.0,0.0,0.0,0.0,0.0,0.0,0.0
646.0,Brandin Bryant,RB,0.0,0.0,0.0,0.0,0.0,0.0,0.0,0.0,0.0,0.0,0.0,0.0,0.0,0.0,0.0,0.0,0.0,0.0,0.0,0.0
646.0,Feleipe Franks,QB,0.0,0.0,0.0,0.0,0.0,0.0,0.0,0.0,0.0,0.0,0.0,0.0,0.0,0.0,0.0,0.0,0.0,0.0,0.0,0.0
646.0,Quinn Nordin,K,0.0,0.0,0.0,0.0,0.0,0.0,0.0,0.0,0.0,0.0,0.0,0.0,0.0,0.0,0.0,0.0,0.0,0.0,0.0,0.0
646.0,Kenny Yeboah,TE,0.0,0.0,0.0,0.0,0.0,0.0,0.0,0.0,0.0,0.0,0.0,0.0,0.0,0.0,0.0,0.0,0.0,0.0,0.0,0.0
646.0,Malik Turner,WR,0.0,0.0,0.0,0.0,0.0,0.0,0.0,0.0,0.0,0.0,0.0,0.0,0.0,0.0,0.0,0.0,0.0,0.0,0.0,0.0
646.0,Quinton Bell,WR,0.0,0.0,0.0,0.0,0.0,0.0,0.0,0.0,0.0,0.0,0.0,0.0,0.0,0.0,0.0,0.0,0.0,0.0,0.0,0.0
646.0,Matthew Slater,WR,0.0,0.0,0.0,0.0,0.0,0.0,0.0,0.0,0.0,0.0,0.0,0.0,0.0,0.0,0.0,0.0,0.0,0.0,0.0,0.0
646.0,Charlie Woerner,TE,0.0,0.0,0.0,0.0,0.0,0.0,0.0,0.0,0.0,0.0,0.0,0.0,0.0,0.0,0.0,0.0,0.0,0.0,0.0,0.0
646.0,J.P. Holtz,TE,0.0,0.0,0.0,0.0,0.0,0.0,0.0,0.0,0.0,0.0,0.0,0.0,0.0,0.0,0.0,0.0,0.0,0.0,0.0,0.0
646.0,Jake Funk,RB,0.0,0.0,0.0,0.0,0.0,0.0,0.0,0.0,0.0,0.0,0.0,0.0,0.0,0.0,0.0,0.0,0.0,0.0,0.0,0.0
646.0,Kenjon Barner,RB,0.0,0.0,0.0,0.0,0.0,0.0,0.0,0.0,0.0,0.0,0.0,0.0,0.0,0.0,0.0,0.0,0.0,0.0,0.0,0.0
646.0,Raleigh Webb,WR,0.0,0.0,0.0,0.0,0.0,0.0,0.0,0.0,0.0,0.0,0.0,0.0,0.0,0.0,0.0,0.0,0.0,0.0,0.0,0.0
646.0,C.J. Beathard,QB,0.0,0.0,-0.1,0.0,0.0,0.0,0.0,0.0,0.0,0.0,0.0,0.0,0.2,0.0,0.0,-0.3,0.2,0.0,0.0,0.0
646.0,Khari Blasingame,RB,0.0,0.0,0.0,0.0,0.0,0.0,0.0,0.0,0.0,0.0,0.0,0.0,0.0,0.0,0.0,0.0,0.0,0.0,0.0,0.0
646.0,Hunter Long,TE,0.0,0.0,0.0,0.0,0.0,0.0,0.0,0.0,0.0,0.0,0.0,0.0,0.0,0.0,0.0,0.0,0.0,0.0,0.0,0.0
646.0,Cody Thompson,WR,0.0,0.0,0.0,0.0,0.0,0.0,0.0,0.0,0.0,0.0,0.0,0.0,0.0,0.0,0.0,0.0,0.0,0.0,0.0,0.0
646.0,Miller Forristall,TE,0.0,0.0,0.0,0.0,0.0,0.0,0.0,0.0,0.0,0.0,0.0,0.0,0.0,0.0,0.0,0.0,0.0,0.0,0.0,0.0
646.0,Matt Barkley,QB,0.0,0.0,0.0,0.0,0.0,0.0,0.0,0.0,0.0,0.0,0.0,0.0,0.0,0.0,0.0,0.0,0.0,0.0,0.0,0.0
646.0,John Lovett,RB,0.0,0.0,0.0,0.0,0.0,0.0,0.0,0.0,0.0,0.0,0.0,0.0,0.0,0.0,0.0,0.0,0.0,0.0,0.0,0.0
646.0,James Winchester,TE,0.0,0.0,0.0,0.0,0.0,0.0,0.0,0.0,0.0,0.0,0.0,0.0,0.0,0.0,0.0,0.0,0.0,0.0,0.0,0.0
646.0,Brandon Zylstra,WR,0.0,0.0,0.0,0.0,0.0,0.0,0.0,0.0,0.0,0.0,0.0,0.0,0.0,0.0,0.0,0.0,0.0,0.0,0.0,0.0
646.0,Jermar Jefferson,RB,0.0,0.0,0.0,0.0,0.0,0.0,0.0,0.0,0.0,0.0,0.0,0.0,0.0,0.0,0.0,0.0,0.0,0.0,0.0,0.0
646.0,Tyree Jackson,TE,0.0,0.0,0.0,0.0,0.0,0.0,0.0,0.0,0.0,0.0,0.0,0.0,0.0,0.0,0.0,0.0,0.0,0.0,0.0,0.0
646.0,Brittain Brown,RB,0.0,0.0,0.0,0.0,0.0,0.0,0.0,0.0,0.0,0.0,0.0,0.0,0.0,0.0,0.0,0.0,0.0,0.0,0.0,0.0
646.0,Ben Mason,RB,0.0,0.0,0.0,0.0,0.0,0.0,0.0,0.0,0.0,0.0,0.0,0.0,0.0,0.0,0.0,0.0,0.0,0.0,0.0,0.0
646.0,Stanley Berryhill III,WR,0.0,0.0,0.0,0.0,0.0,0.0,0.0,0.0,0.0,0.0,0.0,0.0,0.0,0.0,0.0,0.0,0.0,0.0,0.0,0.0
646.0,Trinity Benson,WR,0.0,0.0,0.0,0.0,0.0,0.0,0.0,0.0,0.0,0.0,0.0,0.0,0.0,0.0,0.0,0.0,0.0,0.0,0.0,0.0
646.0,Marken Michel,WR,0.0,0.0,0.0,0.0,0.0,0.0,0.0,0.0,0.0,0.0,0.0,0.0,0.0,0.0,0.0,0.0,0.0,0.0,0.0,0.0
646.0,Beau Brinkley,TE,0.0,0.0,0.0,0.0,0.0,0.0,0.0,0.0,0.0,0.0,0.0,0.0,0.0,0.0,0.0,0.0,0.0,0.0,0.0,0.0
646.0,Sandro Platzgummer,RB,0.0,0.0,0.0,0.0,0.0,0.0,0.0,0.0,0.0,0.0,0.0,0.0,0.0,0.0,0.0,0.0,0.0,0.0,0.0,0.0
646.0,Ramiz Ahmed,K,0.0,0.0,0.0,0.0,0.0,0.0,0.0,0.0,0.0,0.0,0.0,0.0,0.0,0.0,0.0,0.0,0.0,0.0,0.0,0.0
646.0,Marcus Kemp,WR,0.0,0.0,0.0,0.0,0.0,0.0,0.0,0.0,0.0,0.0,0.0,0.0,0.0,0.0,0.0,0.0,0.0,0.0,0.0,0.0
646.0,Binjimen Victor,WR,0.0,0.0,0.0,0.0,0.0,0.0,0.0,0.0,0.0,0.0,0.0,0.0,0.0,0.0,0.0,0.0,0.0,0.0,0.0,0.0
646.0,Rashard Higgins,WR,0.0,0.0,0.0,0.0,0.0,0.0,0.0,0.0,0.0,0.0,0.0,0.0,0.0,0.0,0.0,0.0,0.0,0.0,0.0,0.0
646.0,Albert Wilson,WR,0.0,0.0,0.0,0.0,0.0,0.0,0.0,0.0,0.0,0.0,0.0,0.0,0.0,0.0,0.0,0.0,0.0,0.0,0.0,0.0
646.0,Stanley Morgan Jr.,WR,0.0,0.0,0.0,0.0,0.0,0.0,0.0,0.0,0.0,0.0,0.0,0.0,0.0,0.0,0.0,0.0,0.0,0.0,0.0,0.0
646.0,Justyn Ross,WR,0.0,0.0,0.0,0.0,0.0,0.0,0.0,0.0,0.0,0.0,0.0,0.0,0.0,0.0,0.0,0.0,0.0,0.0,0.0,0.0
646.0,Logan Woodside,QB,0.0,0.0,0.0,0.0,0.0,0.0,0.0,0.0,0.0,0.0,0.0,0.0,0.0,0.0,0.0,0.0,0.0,0.0,0.0,0.0
646.0,Justin Hardee,WR,0.0,0.0,0.0,0.0,0.0,0.0,0.0,0.0,0.0,0.0,0.0,0.0,0.0,0.0,0.0,0.0,0.0,0.0,0.0,0.0
646.0,Jake Tonges,TE,0.0,0.0,0.0,0.0,0.0,0.0,0.0,0.0,0.0,0.0,0.0,0.0,0.0,0.0,0.0,0.0,0.0,0.0,0.0,0.0
646.0,Andre Roberts,WR,0.0,0.0,0.0,0.0,0.0,0.0,0.0,0.0,0.0,0.0,0.0,0.0,0.0,0.0,0.0,0.0,0.0,0.0,0.0,0.0
646.0,La'Mical Perine,RB,0.0,0.0,0.0,0.0,0.0,0.0,0.0,0.0,0.0,0.0,0.0,0.0,0.0,0.0,0.0,0.0,0.0,0.0,0.0,0.0
646.0,Noah Togiai,TE,0.0,0.0,0.0,0.0,0.0,0.0,0.0,0.0,0.0,0.0,0.0,0.0,0.0,0.0,0.0,0.0,0.0,0.0,0.0,0.0
646.0,Josh Ali,WR,0.0,0.0,0.0,0.0,0.0,0.0,0.0,0.0,0.0,0.0,0.0,0.0,0.0,0.0,0.0,0.0,0.0,0.0,0.0,0.0
716.0,KaVontae Turpin,WR,0.0,0.3,0.0,0.0,0.0,0.0,0.3,1.1,0.0,1.9,0.0,0.0,0.0,-2.0,0.0,0.0,0.0,-2.0,0.0,-0.4
716.0,Nate Sudfeld,QB,0.0,0.0,0.0,0.0,0.0,0.0,0.0,0.0,0.0,0.0,0.0,0.0,-0.1,0.0,0.0,0.0,-0.3,0.0,-0.2,-0.4
718.0,Chad Henne,QB,0.0,0.0,0.0,0.0,0.0,0.0,-0.3,0.0,0.0,0.0,0.0,0.0,0.0,0.0,0.0,0.0,0.0,-0.2,-0.2,-0.5
719.0,Tim Boyle,QB,0.0,0.0,0.0,0.0,0.0,0.0,0.0,0.0,0.0,0.0,0.0,0.0,0.0,0.0,0.0,0.0,0.0,-0.9,-0.9,-0.9
720.0,Taiwan Jones,RB,0.0,0.0,0.0,0.0,0.0,0.0,0.0,0.0,0.0,0.0,0.0,0.0,0.0,0.0,0.0,0.0,0.0,-2.0,-0.3,-2.0
720.0,Chester Rogers,WR,0.0,0.0,0.0,0.0,0.0,-2.0,0.0,0.0,0.0,0.0,0.0,0.0,0.0,0.0,0.0,0.0,0.0,0.0,-0.7,-2.0
