RANK,NAME,IMP_ATT,RUS_ATT,RUS_YDS,RUS_Y/A,LG,EXPLO,RUS_TD,REC,TGT,REC_YDS,Y/R,REC_TD,FL,G,YBCON,YBCON/ATT,YACON,YACON/ATT,BRKTKL,RZ TGT,RUS_YACON,SNAPS,GRZ_ATT,FPTS,FPTS/G
1.0,Christian McCaffrey,355.0,272.0,1459.0,5.4,72.0,19.0,14.0,67.0,83.0,564.0,8.4,7.0,2.0,16.0,886.0,3.3,573.0,2.1,13.0,16.0,73.0,812.0,18.0,391.3,24.5
2.0,Breece Hall,318.0,223.0,994.0,4.5,83.0,19.0,5.0,76.0,95.0,591.0,7.8,4.0,0.0,17.0,504.0,2.3,490.0,2.2,19.0,5.0,209.0,667.0,1.0,290.5,17.1
3.0,Travis Etienne Jr.,340.0,267.0,1008.0,3.8,62.0,11.0,11.0,58.0,73.0,476.0,8.2,1.0,0.0,17.0,583.0,2.2,425.0,1.6,31.0,2.0,145.0,856.0,11.0,282.4,16.6
4.0,Rachaad White,342.0,272.0,990.0,3.6,38.0,5.0,6.0,64.0,70.0,549.0,8.6,3.0,2.0,17.0,604.0,2.2,386.0,1.4,9.0,8.0,119.0,861.0,11.0,267.9,15.8
5.0,Raheem Mostert,241.0,209.0,1012.0,4.8,49.0,12.0,18.0,25.0,32.0,175.0,7.0,3.0,1.0,15.0,620.0,3.0,392.0,1.9,15.0,6.0,59.0,555.0,20.0,267.7,17.8
6.0,Joe Mixon,321.0,257.0,1034.0,4.0,44.0,5.0,9.0,52.0,64.0,376.0,7.2,3.0,0.0,17.0,671.0,2.6,363.0,1.4,10.0,13.0,133.0,752.0,20.0,267.0,15.7
7.0,Kyren Williams,276.0,228.0,1144.0,5.0,56.0,11.0,12.0,32.0,48.0,206.0,6.4,3.0,2.0,12.0,791.0,3.5,353.0,1.5,20.0,12.0,46.0,678.0,17.0,255.0,21.3
8.0,Derrick Henry,316.0,280.0,1167.0,4.2,69.0,11.0,12.0,28.0,36.0,214.0,7.6,0.0,0.0,17.0,597.0,2.1,570.0,2.0,23.0,2.0,46.0,558.0,15.0,246.7,14.5
9.0,Bijan Robinson,300.0,214.0,976.0,4.6,38.0,9.0,4.0,58.0,86.0,487.0,8.4,4.0,3.0,17.0,568.0,2.7,408.0,1.9,15.0,10.0,100.0,771.0,3.0,246.3,14.5
10.0,Jahmyr Gibbs,253.0,182.0,945.0,5.2,36.0,14.0,10.0,52.0,71.0,316.0,6.1,1.0,1.0,15.0,500.0,2.7,445.0,2.4,21.0,7.0,73.0,596.0,10.0,242.1,16.1
11.0,Alvin Kamara,266.0,180.0,694.0,3.9,17.0,0.0,5.0,75.0,86.0,466.0,6.2,1.0,0.0,13.0,424.0,2.4,270.0,1.5,7.0,8.0,128.0,558.0,12.0,233.0,17.9
12.0,James Cook,291.0,237.0,1122.0,4.7,42.0,10.0,2.0,44.0,54.0,445.0,10.1,4.0,2.0,17.0,649.0,2.7,473.0,2.0,8.0,6.0,97.0,634.0,4.0,232.7,13.7
13.0,Saquon Barkley,307.0,247.0,962.0,3.9,36.0,12.0,6.0,41.0,60.0,280.0,6.8,4.0,2.0,14.0,509.0,2.1,453.0,1.8,12.0,5.0,33.0,717.0,6.0,223.2,15.9
14.0,Tony Pollard,319.0,252.0,1005.0,4.0,31.0,7.0,6.0,55.0,67.0,311.0,5.7,0.0,1.0,17.0,536.0,2.1,474.0,1.9,19.0,12.0,83.0,836.0,16.0,222.6,13.1
15.0,Isiah Pacheco,254.0,205.0,935.0,4.6,48.0,11.0,7.0,44.0,49.0,244.0,5.5,2.0,1.0,14.0,560.0,2.7,375.0,1.8,15.0,8.0,42.0,568.0,9.0,213.9,15.3
16.0,Jerome Ford,267.0,204.0,813.0,4.0,69.0,11.0,4.0,44.0,63.0,319.0,7.3,5.0,1.0,17.0,500.0,2.5,313.0,1.5,21.0,6.0,81.0,629.0,4.0,211.2,12.4
17.0,David Montgomery,243.0,219.0,1015.0,4.6,75.0,9.0,13.0,16.0,24.0,117.0,7.3,0.0,1.0,14.0,549.0,2.5,466.0,2.1,17.0,0.0,29.0,453.0,17.0,207.2,14.8
18.0,James Conner,241.0,208.0,1040.0,5.0,44.0,14.0,7.0,27.0,33.0,165.0,6.1,2.0,0.0,13.0,631.0,3.0,409.0,2.0,27.0,5.0,77.0,533.0,11.0,201.5,15.5
19.0,Kenneth Walker III,256.0,219.0,905.0,4.1,45.0,11.0,8.0,29.0,37.0,259.0,8.9,1.0,0.0,15.0,581.0,2.7,324.0,1.5,20.0,3.0,143.0,502.0,15.0,199.4,13.3
20.0,D'Andre Swift,278.0,229.0,1049.0,4.6,43.0,10.0,5.0,39.0,49.0,214.0,5.5,1.0,1.0,16.0,690.0,3.0,359.0,1.6,18.0,4.0,60.0,630.0,14.0,199.3,12.5
21.0,Brian Robinson Jr.,221.0,178.0,733.0,4.1,29.0,4.0,5.0,36.0,43.0,368.0,10.2,4.0,2.0,15.0,420.0,2.4,313.0,1.8,16.0,5.0,112.0,496.0,8.0,198.1,13.2
22.0,Jaylen Warren,223.0,149.0,784.0,5.3,74.0,9.0,4.0,61.0,74.0,370.0,6.1,0.0,2.0,17.0,480.0,3.2,304.0,2.0,27.0,5.0,95.0,519.0,4.0,196.4,11.6
23.0,Najee Harris,293.0,255.0,1035.0,4.1,25.0,8.0,8.0,29.0,38.0,170.0,5.9,0.0,1.0,17.0,500.0,2.0,535.0,2.1,30.0,3.0,40.0,569.0,10.0,195.5,11.5
24.0,De'Von Achane,140.0,103.0,800.0,7.8,76.0,21.0,8.0,27.0,37.0,197.0,7.3,3.0,1.0,11.0,486.0,4.7,314.0,3.0,13.0,6.0,83.0,300.0,5.0,190.7,17.3
25.0,Gus Edwards,211.0,198.0,810.0,4.1,42.0,8.0,13.0,12.0,13.0,180.0,15.0,0.0,2.0,17.0,514.0,2.6,296.0,1.5,11.0,0.0,12.0,470.0,23.0,187.0,11.0
26.0,Austin Ekeler,253.0,179.0,628.0,3.5,55.0,7.0,5.0,51.0,74.0,436.0,8.5,1.0,4.0,14.0,357.0,2.0,271.0,1.5,9.0,9.0,124.0,630.0,15.0,185.4,13.2
27.0,Chuba Hubbard,282.0,238.0,902.0,3.8,22.0,4.0,5.0,39.0,44.0,233.0,6.0,0.0,0.0,17.0,492.0,2.1,410.0,1.7,17.0,1.0,66.0,679.0,11.0,182.5,10.7
28.0,Josh Jacobs,287.0,233.0,805.0,3.5,63.0,8.0,6.0,37.0,54.0,296.0,8.0,0.0,1.0,13.0,512.0,2.2,293.0,1.3,10.0,6.0,82.0,600.0,10.0,181.1,13.9
29.0,Javonte Williams,275.0,217.0,774.0,3.6,21.0,2.0,3.0,47.0,58.0,228.0,4.9,2.0,1.0,16.0,435.0,2.0,339.0,1.6,10.0,3.0,53.0,493.0,7.0,179.2,11.2
30.0,Ezekiel Elliott,249.0,184.0,642.0,3.5,17.0,0.0,3.0,51.0,65.0,313.0,6.1,2.0,1.0,17.0,366.0,2.0,274.0,1.5,5.0,4.0,110.0,539.0,5.0,174.5,10.3
31.0,Zack Moss,220.0,183.0,794.0,4.3,56.0,11.0,5.0,27.0,37.0,192.0,7.1,2.0,0.0,14.0,483.0,2.6,311.0,1.7,4.0,5.0,58.0,531.0,11.0,169.6,12.1
32.0,Devin Singletary,254.0,216.0,898.0,4.2,24.0,3.0,4.0,30.0,38.0,193.0,6.4,0.0,0.0,17.0,551.0,2.6,347.0,1.6,10.0,4.0,42.0,629.0,7.0,167.3,9.8
33.0,Jonathan Taylor,192.0,169.0,741.0,4.4,49.0,8.0,7.0,19.0,23.0,153.0,8.1,1.0,0.0,10.0,287.0,1.7,454.0,2.7,14.0,4.0,29.0,386.0,12.0,156.4,15.6
34.0,Tyjae Spears,170.0,100.0,453.0,4.5,23.0,3.0,2.0,52.0,70.0,385.0,7.4,1.0,0.0,17.0,268.0,2.7,185.0,1.9,5.0,6.0,124.0,558.0,2.0,153.8,9.0
35.0,Rhamondre Stevenson,207.0,156.0,619.0,4.0,64.0,4.0,4.0,38.0,51.0,238.0,6.3,0.0,1.0,12.0,309.0,2.0,310.0,2.0,12.0,4.0,62.0,486.0,3.0,145.7,12.1
36.0,Tyler Allgeier,209.0,186.0,683.0,3.7,31.0,3.0,4.0,18.0,23.0,193.0,10.7,1.0,0.0,17.0,320.0,1.7,363.0,2.0,15.0,2.0,35.0,360.0,6.0,137.6,8.1
37.0,Aaron Jones,185.0,142.0,656.0,4.6,39.0,4.0,2.0,30.0,43.0,233.0,7.8,1.0,1.0,11.0,346.0,2.4,310.0,2.2,11.0,10.0,47.0,354.0,7.0,134.9,12.3
38.0,Alexander Mattison,224.0,180.0,700.0,3.9,21.0,1.0,0.0,30.0,44.0,192.0,6.4,3.0,2.0,16.0,414.0,2.3,286.0,1.6,5.0,11.0,31.0,579.0,9.0,133.2,8.3
39.0,Antonio Gibson,124.0,65.0,265.0,4.1,16.0,0.0,1.0,48.0,59.0,389.0,8.1,2.0,2.0,16.0,127.0,2.0,138.0,2.1,5.0,5.0,90.0,473.0,1.0,127.4,8.0
40.0,Samaje Perine,109.0,53.0,238.0,4.5,24.0,1.0,1.0,50.0,56.0,455.0,9.1,0.0,2.0,17.0,115.0,2.2,123.0,2.3,2.0,2.0,157.0,360.0,2.0,121.3,7.1
41.0,Kareem Hunt,156.0,135.0,411.0,3.0,16.0,0.0,9.0,15.0,21.0,84.0,5.6,0.0,0.0,15.0,264.0,2.0,147.0,1.1,2.0,1.0,13.0,339.0,12.0,118.5,7.9
42.0,AJ Dillon,206.0,178.0,613.0,3.4,40.0,3.0,2.0,22.0,28.0,223.0,10.1,0.0,0.0,15.0,316.0,1.8,297.0,1.7,5.0,1.0,101.0,494.0,10.0,117.6,7.8
43.0,Khalil Herbert,163.0,132.0,611.0,4.6,38.0,8.0,2.0,20.0,31.0,134.0,6.7,1.0,1.0,12.0,329.0,2.5,282.0,2.1,13.0,4.0,26.0,357.0,1.0,112.5,9.4
44.0,Justice Hill,123.0,84.0,387.0,4.6,41.0,4.0,3.0,28.0,39.0,206.0,7.4,1.0,1.0,16.0,289.0,3.4,98.0,1.2,9.0,1.0,30.0,436.0,4.0,109.3,6.8
45.0,Zach Charbonnet,148.0,108.0,462.0,4.3,23.0,4.0,1.0,33.0,40.0,209.0,6.3,0.0,0.0,16.0,257.0,2.4,205.0,1.9,10.0,1.0,54.0,478.0,6.0,106.1,6.6
46.0,Jaleel McLaughlin,112.0,76.0,410.0,5.4,38.0,6.0,1.0,31.0,36.0,160.0,5.2,2.0,0.0,17.0,259.0,3.4,151.0,2.0,4.0,5.0,73.0,193.0,2.0,106.0,6.2
47.0,Roschon Johnson,121.0,81.0,352.0,4.3,29.0,2.0,2.0,34.0,40.0,209.0,6.1,0.0,0.0,15.0,228.0,2.8,124.0,1.5,3.0,4.0,67.0,395.0,6.0,102.1,6.8
48.0,Ty Chandler,127.0,102.0,461.0,4.5,31.0,5.0,3.0,21.0,25.0,159.0,7.6,0.0,0.0,16.0,279.0,2.7,182.0,1.8,3.0,3.0,41.0,307.0,3.0,101.0,6.3
49.0,Kenneth Gainwell,121.0,84.0,364.0,4.3,32.0,4.0,2.0,30.0,37.0,183.0,6.1,0.0,1.0,16.0,204.0,2.4,160.0,1.9,6.0,0.0,42.0,442.0,3.0,97.4,6.1
50.0,Rico Dowdle,111.0,89.0,361.0,4.1,21.0,2.0,2.0,17.0,22.0,144.0,8.5,2.0,0.0,16.0,195.0,2.2,166.0,1.9,4.0,4.0,29.0,247.0,4.0,91.5,5.7
51.0,D'Onta Foreman,125.0,109.0,425.0,3.9,22.0,1.0,4.0,11.0,16.0,77.0,7.0,1.0,0.0,9.0,290.0,2.7,135.0,1.2,7.0,2.0,14.0,269.0,7.0,91.2,10.1
52.0,Miles Sanders,170.0,129.0,432.0,3.3,48.0,3.0,1.0,27.0,41.0,154.0,5.7,0.0,2.0,16.0,208.0,1.6,224.0,1.7,8.0,2.0,51.0,406.0,4.0,87.6,5.5
53.0,Jerick McKinnon,53.0,21.0,60.0,2.9,10.0,0.0,1.0,25.0,32.0,192.0,7.7,4.0,0.0,12.0,46.0,2.2,14.0,0.7,0.0,5.0,28.0,264.0,0.0,84.4,7.0
54.0,Latavius Murray,101.0,79.0,300.0,3.8,29.0,2.0,4.0,17.0,22.0,119.0,7.0,0.0,0.0,16.0,174.0,2.2,126.0,1.6,2.0,3.0,37.0,351.0,12.0,82.9,5.2
55.0,Dameon Pierce,162.0,145.0,416.0,2.9,22.0,1.0,2.0,13.0,17.0,101.0,7.8,0.0,0.0,14.0,179.0,1.2,237.0,1.6,12.0,1.0,13.0,298.0,9.0,82.7,5.9
56.0,Zamir White,123.0,104.0,451.0,4.3,43.0,4.0,1.0,15.0,19.0,98.0,6.5,0.0,1.0,15.0,212.0,2.0,239.0,2.3,8.0,1.0,34.0,229.0,3.0,73.9,4.9
57.0,Emari Demercado,88.0,58.0,284.0,4.9,49.0,3.0,2.0,21.0,30.0,119.0,5.7,0.0,0.0,14.0,171.0,2.9,113.0,1.9,2.0,1.0,13.0,292.0,1.0,73.3,5.2
58.0,Clyde Edwards-Helaire,92.0,70.0,223.0,3.2,20.0,1.0,1.0,17.0,22.0,188.0,11.1,1.0,0.0,15.0,146.0,2.1,77.0,1.1,4.0,5.0,103.0,227.0,2.0,70.1,4.7
59.0,Keaton Mitchell,58.0,47.0,396.0,8.4,60.0,13.0,2.0,9.0,11.0,93.0,10.3,0.0,0.0,7.0,245.0,5.2,151.0,3.2,7.0,1.0,10.0,135.0,0.0,69.9,10.0
60.0,Joshua Kelley,119.0,107.0,405.0,3.8,49.0,4.0,2.0,8.0,12.0,32.0,4.0,0.0,1.0,17.0,222.0,2.1,183.0,1.7,6.0,1.0,1.0,392.0,3.0,61.7,3.6
61.0,Jamaal Williams,126.0,106.0,306.0,2.9,17.0,0.0,1.0,18.0,20.0,62.0,3.4,0.0,0.0,13.0,162.0,1.5,144.0,1.4,3.0,1.0,16.0,324.0,0.0,60.8,4.7
62.0,Michael Carter,61.0,30.0,187.0,6.2,21.0,1.0,0.0,24.0,31.0,101.0,4.2,1.0,0.0,15.0,138.0,4.6,49.0,1.6,1.0,4.0,19.0,224.0,1.0,58.8,3.9
63.0,Chase Brown,59.0,44.0,179.0,4.1,31.0,3.0,0.0,14.0,15.0,156.0,11.1,1.0,0.0,12.0,52.0,1.2,127.0,2.9,2.0,1.0,43.0,93.0,0.0,53.5,4.5
64.0,Elijah Mitchell,83.0,75.0,281.0,3.7,18.0,0.0,2.0,6.0,8.0,14.0,2.3,0.0,0.0,11.0,147.0,2.0,134.0,1.8,6.0,1.0,2.0,161.0,4.0,47.5,4.3
65.0,Matt Breida,76.0,55.0,151.0,2.7,9.0,0.0,1.0,17.0,21.0,88.0,5.2,0.0,0.0,17.0,89.0,1.6,62.0,1.1,1.0,0.0,7.0,288.0,0.0,46.9,2.8
66.0,Cam Akers,72.0,60.0,167.0,2.8,19.0,0.0,2.0,11.0,12.0,70.0,6.4,0.0,0.0,7.0,100.0,1.7,67.0,1.1,6.0,2.0,34.0,139.0,2.0,46.7,6.7
67.0,Royce Freeman,79.0,77.0,319.0,4.1,23.0,1.0,2.0,1.0,2.0,13.0,13.0,0.0,0.0,11.0,180.0,2.3,139.0,1.8,8.0,0.0,2.0,207.0,5.0,46.2,4.2
68.0,Jordan Mason,44.0,40.0,206.0,5.2,26.0,1.0,3.0,3.0,4.0,31.0,10.3,0.0,0.0,16.0,124.0,3.1,82.0,2.1,0.0,0.0,3.0,99.0,1.0,44.7,2.8
69.0,Darrell Henderson Jr.,60.0,46.0,112.0,2.4,16.0,0.0,2.0,10.0,14.0,103.0,10.3,0.0,0.0,4.0,45.0,1.0,67.0,1.5,1.0,3.0,33.0,126.0,3.0,43.5,10.9
70.0,Kendre Miller,52.0,41.0,156.0,3.8,18.0,0.0,1.0,10.0,11.0,117.0,11.7,0.0,0.0,8.0,81.0,2.0,75.0,1.8,3.0,0.0,14.0,112.0,0.0,43.3,5.4
71.0,Salvon Ahmed,45.0,22.0,61.0,2.8,10.0,0.0,1.0,16.0,23.0,88.0,5.5,1.0,0.0,9.0,38.0,1.7,23.0,1.0,2.0,5.0,21.0,135.0,1.0,42.9,4.8
72.0,Pierre Strong Jr.,71.0,63.0,291.0,4.6,40.0,4.0,1.0,5.0,8.0,47.0,9.4,0.0,1.0,17.0,185.0,2.9,106.0,1.7,4.0,0.0,0.0,169.0,2.0,42.8,2.5
73.0,Jeff Wilson Jr.,58.0,41.0,188.0,4.6,15.0,0.0,0.0,14.0,17.0,85.0,6.1,0.0,0.0,10.0,104.0,2.5,84.0,2.0,1.0,1.0,10.0,148.0,1.0,41.3,4.1
74.0,Ameer Abdullah,39.0,15.0,89.0,5.9,12.0,0.0,0.0,19.0,24.0,131.0,6.9,0.0,0.0,17.0,52.0,3.5,37.0,2.5,1.0,3.0,18.0,216.0,0.0,41.0,2.4
75.0,Dalvin Cook,87.0,67.0,214.0,3.2,14.0,0.0,0.0,15.0,20.0,78.0,5.2,0.0,2.0,15.0,131.0,2.0,83.0,1.2,6.0,0.0,16.0,202.0,1.0,40.2,2.7
76.0,Chase Edmonds,66.0,49.0,176.0,3.6,21.0,1.0,0.0,14.0,17.0,81.0,5.8,0.0,0.0,13.0,102.0,2.1,74.0,1.5,2.0,0.0,8.0,156.0,0.0,39.7,3.1
77.0,Kyle Juszczyk,22.0,5.0,6.0,1.2,3.0,0.0,0.0,14.0,17.0,119.0,8.5,2.0,0.0,17.0,0.0,0.0,0.0,0.0,0.0,5.0,2.0,495.0,1.0,38.5,2.3
78.0,Chris Rodriguez Jr.,53.0,51.0,247.0,4.8,16.0,0.0,2.0,2.0,2.0,12.0,6.0,0.0,1.0,11.0,125.0,2.5,122.0,2.4,5.0,0.0,4.0,97.0,3.0,37.9,3.4
79.0,Cordarrelle Patterson,62.0,50.0,181.0,3.6,18.0,0.0,0.0,9.0,12.0,38.0,4.2,1.0,0.0,14.0,92.0,1.8,89.0,1.8,2.0,2.0,10.0,177.0,1.0,36.9,2.6
80.0,D'Ernest Johnson,53.0,41.0,108.0,2.6,19.0,0.0,0.0,10.0,12.0,140.0,14.0,0.0,0.0,17.0,78.0,1.9,30.0,0.7,1.0,0.0,21.0,194.0,0.0,34.8,2.0
81.0,Ty Johnson,37.0,30.0,132.0,4.4,13.0,0.0,0.0,7.0,7.0,62.0,8.9,1.0,0.0,9.0,68.0,2.3,64.0,2.1,0.0,2.0,11.0,91.0,0.0,32.4,3.6
82.0,Tony Jones Jr.,36.0,26.0,95.0,3.7,19.0,0.0,2.0,7.0,10.0,37.0,5.3,0.0,0.0,7.0,56.0,2.2,39.0,1.5,1.0,1.0,8.0,132.0,2.0,32.2,4.6
83.0,Darrynton Evans,44.0,32.0,121.0,3.8,13.0,0.0,1.0,7.0,12.0,49.0,7.0,0.0,0.0,6.0,102.0,3.2,19.0,0.6,0.0,2.0,12.0,93.0,1.0,30.0,5.0
84.0,Patrick Taylor Jr.,49.0,32.0,141.0,4.4,24.0,1.0,0.0,11.0,17.0,49.0,4.5,0.0,0.0,11.0,71.0,2.2,70.0,2.2,4.0,3.0,4.0,226.0,1.0,30.0,2.7
85.0,Craig Reynolds,46.0,41.0,179.0,4.4,19.0,0.0,1.0,5.0,5.0,47.0,9.4,0.0,2.0,15.0,104.0,2.5,75.0,1.8,1.0,0.0,10.0,132.0,4.0,29.6,2.0
86.0,Alec Ingold,18.0,2.0,0.0,0.0,0.0,0.0,0.0,13.0,16.0,119.0,9.2,0.0,0.0,17.0,0.0,0.0,0.0,0.0,0.0,2.0,12.0,413.0,0.0,24.9,1.5
87.0,Nick Chubb,32.0,28.0,170.0,6.1,20.0,1.0,0.0,4.0,4.0,21.0,5.3,0.0,0.0,2.0,100.0,3.6,70.0,2.5,2.0,0.0,6.0,54.0,0.0,23.1,11.6
88.0,Tank Bigsby,54.0,50.0,132.0,2.6,12.0,0.0,2.0,1.0,4.0,6.0,6.0,0.0,2.0,16.0,70.0,1.4,62.0,1.2,7.0,0.0,2.0,141.0,3.0,22.8,1.4
89.0,Kevin Harris,19.0,16.0,65.0,4.1,18.0,0.0,1.0,3.0,3.0,58.0,19.3,0.0,0.0,4.0,11.0,0.7,54.0,3.4,1.0,1.0,9.0,34.0,0.0,21.3,5.3
90.0,Trey Sermon,41.0,35.0,160.0,4.6,27.0,1.0,0.0,3.0,6.0,13.0,4.3,0.0,0.0,12.0,61.0,1.7,99.0,2.8,4.0,0.0,3.0,108.0,0.0,20.3,1.7
91.0,Ronnie Rivers,37.0,32.0,129.0,4.0,10.0,0.0,0.0,5.0,5.0,22.0,4.4,0.0,0.0,9.0,75.0,2.3,54.0,1.7,1.0,0.0,2.0,93.0,0.0,20.1,2.2
92.0,Melvin Gordon III,29.0,26.0,81.0,3.1,22.0,1.0,1.0,3.0,3.0,46.0,15.3,0.0,1.0,4.0,44.0,1.7,37.0,1.4,1.0,0.0,4.0,56.0,0.0,19.7,4.9
93.0,Damien Harris,25.0,23.0,94.0,4.1,11.0,0.0,1.0,2.0,2.0,16.0,8.0,0.0,0.0,7.0,57.0,2.5,37.0,1.6,2.0,0.0,3.0,60.0,3.0,19.0,2.7
94.0,Isaiah Spiller,43.0,37.0,96.0,2.6,8.0,0.0,0.0,6.0,6.0,34.0,5.7,0.0,0.0,9.0,47.0,1.3,49.0,1.3,2.0,1.0,10.0,111.0,0.0,19.0,2.1
95.0,Tyler Goodson,22.0,13.0,87.0,6.7,31.0,2.0,0.0,6.0,9.0,34.0,5.7,0.0,0.0,6.0,58.0,4.5,29.0,2.2,0.0,3.0,7.0,50.0,0.0,18.1,3.0
96.0,Raheem Blackshear,21.0,14.0,46.0,3.3,9.0,0.0,0.0,6.0,7.0,45.0,7.5,0.0,0.0,11.0,34.0,2.4,12.0,0.9,1.0,0.0,13.0,51.0,0.0,17.1,1.6
97.0,Israel Abanikanda,33.0,22.0,70.0,3.2,12.0,0.0,0.0,7.0,11.0,43.0,6.1,0.0,1.0,7.0,46.0,2.1,24.0,1.1,1.0,0.0,9.0,77.0,0.0,16.3,2.3
98.0,Patrick Ricard,0.0,0.0,0.0,0.0,0.0,0.0,0.0,5.0,7.0,52.0,10.4,1.0,0.0,17.0,0.0,0.0,0.0,0.0,0.0,0.0,0.0,443.0,0.0,16.2,1.0
99.0,Boston Scott,26.0,20.0,86.0,4.3,18.0,0.0,0.0,4.0,6.0,52.0,13.0,0.0,1.0,12.0,53.0,2.7,33.0,1.7,2.0,0.0,3.0,68.0,1.0,15.8,1.3
100.0,Deuce Vaughn,30.0,23.0,40.0,1.7,13.0,0.0,0.0,7.0,7.0,40.0,5.7,0.0,0.0,7.0,24.0,1.0,16.0,0.7,0.0,0.0,8.0,61.0,1.0,15.0,2.1
101.0,Trayveon Williams,24.0,15.0,69.0,4.6,15.0,0.0,0.0,7.0,9.0,10.0,1.4,0.0,0.0,17.0,47.0,3.1,22.0,1.5,0.0,1.0,2.0,156.0,0.0,14.9,0.9
102.0,Emanuel Wilson,19.0,14.0,85.0,6.1,31.0,2.0,0.0,4.0,5.0,23.0,5.8,0.0,0.0,7.0,67.0,4.8,18.0,1.3,0.0,0.0,8.0,36.0,0.0,14.8,2.1
103.0,Keaontay Ingram,39.0,35.0,74.0,2.1,14.0,0.0,0.0,4.0,4.0,26.0,6.5,0.0,0.0,7.0,47.0,1.3,27.0,0.8,3.0,0.0,4.0,119.0,0.0,14.0,2.0
104.0,La'Mical Perine,27.0,22.0,77.0,3.5,10.0,0.0,0.0,3.0,5.0,33.0,11.0,0.0,0.0,5.0,34.0,1.5,43.0,2.0,1.0,0.0,7.0,59.0,0.0,14.0,2.8
105.0,Mike Boone,14.0,5.0,23.0,4.6,11.0,0.0,0.0,7.0,9.0,40.0,5.7,0.0,0.0,9.0,16.0,3.2,7.0,1.4,0.0,0.0,7.0,102.0,0.0,13.3,1.5
106.0,Eric Gray,24.0,17.0,48.0,2.8,12.0,0.0,0.0,6.0,7.0,22.0,3.7,0.0,0.0,14.0,26.0,1.5,22.0,1.3,1.0,0.0,4.0,65.0,0.0,13.0,0.9
107.0,Hunter Luepke,10.0,6.0,19.0,3.2,9.0,0.0,1.0,3.0,4.0,18.0,6.0,0.0,0.0,17.0,6.0,1.0,13.0,2.2,0.0,0.0,6.0,153.0,2.0,12.7,0.7
108.0,J.K. Dobbins,11.0,8.0,22.0,2.8,4.0,0.0,1.0,2.0,3.0,15.0,7.5,0.0,0.0,1.0,18.0,2.3,4.0,0.5,0.0,1.0,13.0,30.0,1.0,11.7,11.7
109.0,Gary Brightwell,16.0,9.0,19.0,2.1,5.0,0.0,0.0,5.0,7.0,47.0,9.4,0.0,0.0,4.0,7.0,0.8,12.0,1.3,1.0,0.0,13.0,41.0,0.0,11.6,2.9
110.0,Nick Bawden,5.0,2.0,4.0,2.0,3.0,0.0,1.0,3.0,3.0,21.0,7.0,0.0,0.0,16.0,1.0,0.5,3.0,1.5,0.0,0.0,5.0,127.0,1.0,11.5,0.7
111.0,Brandon Bolden,4.0,4.0,31.0,7.8,26.0,1.0,1.0,0.0,0.0,0.0,0.0,0.0,0.0,5.0,28.0,7.0,3.0,0.8,0.0,0.0,0.0,5.0,0.0,11.1,2.2
112.0,Chris Brooks,19.0,19.0,106.0,5.6,52.0,5.0,0.0,0.0,0.0,0.0,0.0,0.0,0.0,4.0,28.0,1.5,78.0,4.1,2.0,0.0,0.0,36.0,0.0,10.6,2.7
113.0,Dare Ogunbowale,15.0,8.0,35.0,4.4,17.0,0.0,0.0,2.0,7.0,18.0,9.0,0.0,0.0,10.0,20.0,2.5,15.0,1.9,1.0,0.0,0.0,108.0,0.0,10.3,1.0
114.0,C.J. Ham,10.0,1.0,7.0,7.0,7.0,0.0,0.0,7.0,9.0,25.0,3.6,0.0,0.0,17.0,5.0,5.0,2.0,2.0,0.0,0.0,1.0,216.0,0.0,10.2,0.6
115.0,Ty Montgomery II,15.0,3.0,9.0,3.0,7.0,0.0,0.0,5.0,12.0,40.0,8.0,0.0,0.0,13.0,0.0,0.0,0.0,0.0,0.0,1.0,10.0,36.0,0.0,9.9,0.8
116.0,DeeJay Dallas,19.0,10.0,36.0,3.6,8.0,0.0,0.0,6.0,9.0,26.0,4.3,0.0,2.0,17.0,29.0,2.9,7.0,0.7,1.0,0.0,7.0,96.0,0.0,8.2,0.5
117.0,Damien Williams,13.0,11.0,43.0,3.9,9.0,0.0,0.0,2.0,2.0,12.0,6.0,0.0,0.0,3.0,28.0,2.5,15.0,1.4,1.0,0.0,2.0,28.0,0.0,7.5,2.5
118.0,Michael Burton,10.0,7.0,9.0,1.3,4.0,0.0,0.0,3.0,3.0,8.0,2.7,0.0,0.0,17.0,2.0,0.3,7.0,1.0,0.0,1.0,1.0,189.0,0.0,6.7,0.4
119.0,Ke'Shawn Vaughn,29.0,24.0,42.0,1.8,9.0,0.0,0.0,2.0,5.0,2.0,1.0,0.0,0.0,5.0,18.0,0.8,24.0,1.0,4.0,1.0,0.0,60.0,1.0,6.4,1.3
120.0,Keith Smith,0.0,0.0,0.0,0.0,0.0,0.0,0.0,3.0,3.0,33.0,11.0,0.0,0.0,13.0,0.0,0.0,0.0,0.0,0.0,0.0,0.0,185.0,0.0,6.3,0.5
121.0,Khari Blasingame,14.0,8.0,26.0,3.3,6.0,0.0,0.0,3.0,6.0,2.0,0.7,0.0,0.0,16.0,11.0,1.4,15.0,1.9,0.0,1.0,0.0,186.0,0.0,5.8,0.4
122.0,Sean Tucker,17.0,15.0,23.0,1.5,7.0,0.0,0.0,2.0,2.0,9.0,4.5,0.0,0.0,5.0,11.0,0.7,12.0,0.8,1.0,0.0,1.0,32.0,0.0,5.2,1.0
123.0,Rashaad Penny,12.0,11.0,33.0,3.0,7.0,0.0,0.0,1.0,1.0,5.0,5.0,0.0,0.0,3.0,19.0,1.7,14.0,1.3,0.0,0.0,0.0,31.0,0.0,4.8,1.6
124.0,Alex Armah Jr.,0.0,0.0,0.0,0.0,0.0,0.0,0.0,3.0,3.0,13.0,4.3,0.0,0.0,7.0,0.0,0.0,0.0,0.0,0.0,0.0,0.0,47.0,0.0,4.3,0.6
125.0,Jashaun Corbin,4.0,1.0,1.0,1.0,1.0,0.0,0.0,3.0,3.0,12.0,4.0,0.0,0.0,3.0,0.0,0.0,0.0,0.0,0.0,0.0,5.0,15.0,0.0,4.3,1.4
126.0,Deon Jackson,20.0,14.0,16.0,1.1,7.0,0.0,0.0,5.0,6.0,14.0,2.8,0.0,2.0,2.0,4.0,0.3,12.0,0.9,0.0,0.0,5.0,52.0,1.0,4.0,2.0
127.0,Leonard Fournette,12.0,12.0,40.0,3.3,9.0,0.0,0.0,0.0,0.0,0.0,0.0,0.0,0.0,2.0,20.0,1.7,20.0,1.7,0.0,0.0,0.0,26.0,1.0,4.0,2.0
128.0,Elijah Dotson,6.0,4.0,6.0,1.5,2.0,0.0,0.0,2.0,2.0,13.0,6.5,0.0,0.0,4.0,3.0,0.8,3.0,0.8,0.0,0.0,2.0,16.0,0.0,3.9,1.0
129.0,Jake Funk,3.0,2.0,10.0,5.0,7.0,0.0,0.0,1.0,1.0,12.0,12.0,0.0,0.0,1.0,0.0,0.0,0.0,0.0,0.0,0.0,0.0,13.0,0.0,3.2,3.2
130.0,Kenyan Drake,5.0,2.0,0.0,0.0,0.0,0.0,0.0,2.0,3.0,31.0,15.5,0.0,1.0,3.0,0.0,0.0,0.0,0.0,0.0,0.0,10.0,17.0,0.0,3.1,1.0
131.0,Zonovan Knight,4.0,3.0,13.0,4.3,8.0,0.0,0.0,1.0,1.0,8.0,8.0,0.0,0.0,2.0,7.0,2.3,6.0,2.0,0.0,0.0,1.0,9.0,0.0,3.1,1.6
132.0,Anthony McFarland Jr.,0.0,0.0,0.0,0.0,0.0,0.0,0.0,2.0,2.0,11.0,5.5,0.0,0.0,3.0,0.0,0.0,0.0,0.0,0.0,0.0,0.0,6.0,0.0,3.1,1.0
133.0,Derrick Gore,3.0,3.0,26.0,8.7,23.0,1.0,0.0,0.0,0.0,0.0,0.0,0.0,0.0,5.0,22.0,7.3,4.0,1.3,0.0,0.0,0.0,24.0,1.0,2.6,0.5
134.0,Adam Prentice,5.0,2.0,12.0,6.0,7.0,0.0,0.0,2.0,3.0,12.0,6.0,0.0,1.0,13.0,10.0,5.0,2.0,1.0,0.0,0.0,0.0,125.0,0.0,2.4,0.2
135.0,Devine Ozigbo,4.0,3.0,5.0,1.7,4.0,0.0,0.0,1.0,1.0,8.0,8.0,0.0,0.0,2.0,2.0,0.7,3.0,1.0,1.0,0.0,0.0,8.0,0.0,2.3,1.2
136.0,Jakob Johnson,0.0,0.0,0.0,0.0,0.0,0.0,0.0,1.0,2.0,12.0,12.0,0.0,0.0,13.0,0.0,0.0,0.0,0.0,0.0,0.0,0.0,186.0,0.0,2.2,0.2
137.0,Chris Evans,3.0,2.0,12.0,6.0,7.0,0.0,0.0,1.0,1.0,-1.0,-1.0,0.0,0.0,7.0,7.0,3.5,5.0,2.5,0.0,0.0,0.0,24.0,0.0,2.1,0.3
138.0,Tyrion Davis-Price,6.0,6.0,21.0,3.5,15.0,0.0,0.0,0.0,0.0,0.0,0.0,0.0,0.0,1.0,2.0,0.3,19.0,3.2,0.0,0.0,0.0,7.0,0.0,2.1,2.1
139.0,Zach Evans,9.0,9.0,19.0,2.1,5.0,0.0,0.0,0.0,0.0,0.0,0.0,0.0,0.0,4.0,12.0,1.3,7.0,0.8,1.0,0.0,0.0,16.0,0.0,1.9,0.5
140.0,Evan Hull,2.0,1.0,1.0,1.0,1.0,0.0,0.0,1.0,1.0,6.0,6.0,0.0,0.0,1.0,0.0,0.0,0.0,0.0,0.0,0.0,0.0,8.0,0.0,1.7,1.7
141.0,Reggie Gilliam,0.0,0.0,0.0,0.0,0.0,0.0,0.0,1.0,1.0,3.0,3.0,0.0,0.0,16.0,0.0,0.0,0.0,0.0,0.0,0.0,0.0,99.0,0.0,1.3,0.1
142.0,Kene Nwangwu,5.0,5.0,13.0,2.6,8.0,0.0,0.0,0.0,0.0,0.0,0.0,0.0,0.0,8.0,8.0,1.6,5.0,1.0,0.0,0.0,0.0,13.0,0.0,1.3,0.2
143.0,Jonathan Ward,3.0,3.0,11.0,3.7,8.0,0.0,0.0,0.0,0.0,0.0,0.0,0.0,0.0,5.0,5.0,1.7,6.0,2.0,0.0,0.0,0.0,10.0,0.0,1.1,0.2
144.0,James Robinson,2.0,1.0,2.0,2.0,2.0,0.0,0.0,1.0,1.0,-2.0,-2.0,0.0,0.0,1.0,0.0,0.0,2.0,2.0,0.0,0.0,0.0,4.0,0.0,1.0,1.0
145.0,Eno Benjamin,0.0,0.0,0.0,0.0,0.0,0.0,0.0,0.0,0.0,0.0,0.0,0.0,0.0,0.0,0.0,0.0,0.0,0.0,0.0,0.0,0.0,0.0,0.0,0.0,0.0
146.0,J.J. Taylor,0.0,0.0,0.0,0.0,0.0,0.0,0.0,0.0,0.0,0.0,0.0,0.0,0.0,0.0,0.0,0.0,0.0,0.0,0.0,0.0,0.0,0.0,0.0,0.0,0.0
147.0,Austin Walter,0.0,0.0,0.0,0.0,0.0,0.0,0.0,0.0,0.0,0.0,0.0,0.0,0.0,1.0,0.0,0.0,0.0,0.0,0.0,0.0,0.0,0.0,0.0,0.0,0.0
148.0,Travis Homer,0.0,0.0,0.0,0.0,0.0,0.0,0.0,0.0,1.0,0.0,0.0,0.0,0.0,9.0,0.0,0.0,0.0,0.0,0.0,0.0,0.0,6.0,0.0,0.0,0.0
149.0,Qadree Ollison,0.0,0.0,0.0,0.0,0.0,0.0,0.0,0.0,0.0,0.0,0.0,0.0,0.0,1.0,0.0,0.0,0.0,0.0,0.0,0.0,0.0,1.0,0.0,0.0,0.0
150.0,Mike Weber,0.0,0.0,0.0,0.0,0.0,0.0,0.0,0.0,0.0,0.0,0.0,0.0,0.0,0.0,0.0,0.0,0.0,0.0,0.0,0.0,0.0,0.0,0.0,0.0,0.0
151.0,Jacques Patrick,0.0,0.0,0.0,0.0,0.0,0.0,0.0,0.0,0.0,0.0,0.0,0.0,0.0,0.0,0.0,0.0,0.0,0.0,0.0,0.0,0.0,0.0,0.0,0.0,0.0
152.0,Patrick Laird,0.0,0.0,0.0,0.0,0.0,0.0,0.0,0.0,0.0,0.0,0.0,0.0,0.0,2.0,0.0,0.0,0.0,0.0,0.0,0.0,0.0,0.0,0.0,0.0,0.0
153.0,Andrew Beck,18.0,5.0,3.0,0.6,2.0,0.0,1.0,11.0,13.0,55.0,5.0,2.0,1.0,15.0,0.0,0.0,0.0,0.0,0.0,0.0,0.0,0.0,0.0,0.0,0.0
154.0,JaMycal Hasty,0.0,0.0,0.0,0.0,0.0,0.0,0.0,0.0,2.0,0.0,0.0,0.0,0.0,2.0,0.0,0.0,0.0,0.0,0.0,0.0,0.0,6.0,0.0,0.0,0.0
155.0,Jaret Patterson,0.0,0.0,0.0,0.0,0.0,0.0,0.0,0.0,0.0,0.0,0.0,0.0,0.0,0.0,0.0,0.0,0.0,0.0,0.0,0.0,0.0,0.0,0.0,0.0,0.0
156.0,Mohamed Ibrahim,0.0,0.0,0.0,0.0,0.0,0.0,0.0,0.0,0.0,0.0,0.0,0.0,0.0,1.0,0.0,0.0,0.0,0.0,0.0,0.0,0.0,0.0,0.0,0.0,0.0
157.0,Kirk Merritt,0.0,0.0,0.0,0.0,0.0,0.0,0.0,0.0,0.0,0.0,0.0,0.0,0.0,1.0,0.0,0.0,0.0,0.0,0.0,0.0,0.0,0.0,0.0,0.0,0.0
158.0,Demetric Felton Jr.,0.0,0.0,0.0,0.0,0.0,0.0,0.0,0.0,0.0,0.0,0.0,0.0,0.0,0.0,0.0,0.0,0.0,0.0,0.0,0.0,0.0,0.0,0.0,0.0,0.0
159.0,Jermar Jefferson,0.0,0.0,0.0,0.0,0.0,0.0,0.0,0.0,0.0,0.0,0.0,0.0,0.0,0.0,0.0,0.0,0.0,0.0,0.0,0.0,0.0,0.0,0.0,0.0,0.0
160.0,Julius Chestnut,0.0,0.0,0.0,0.0,0.0,0.0,0.0,0.0,0.0,0.0,0.0,0.0,0.0,2.0,0.0,0.0,0.0,0.0,0.0,0.0,0.0,7.0,0.0,0.0,0.0
161.0,Troy Hairston II,0.0,0.0,0.0,0.0,0.0,0.0,0.0,0.0,0.0,0.0,0.0,0.0,0.0,0.0,0.0,0.0,0.0,0.0,0.0,0.0,0.0,0.0,0.0,0.0,0.0
162.0,Aaron Shampklin,0.0,0.0,0.0,0.0,0.0,0.0,0.0,0.0,0.0,0.0,0.0,0.0,0.0,0.0,0.0,0.0,0.0,0.0,0.0,0.0,0.0,0.0,0.0,0.0,0.0
163.0,Tyreik McAllister,0.0,0.0,0.0,0.0,0.0,0.0,0.0,0.0,0.0,0.0,0.0,0.0,0.0,0.0,0.0,0.0,0.0,0.0,0.0,0.0,0.0,0.0,0.0,0.0,0.0
164.0,Brittain Brown,0.0,0.0,0.0,0.0,0.0,0.0,0.0,0.0,0.0,0.0,0.0,0.0,0.0,1.0,0.0,0.0,0.0,0.0,0.0,0.0,0.0,0.0,0.0,0.0,0.0
165.0,DeWayne McBride,0.0,0.0,0.0,0.0,0.0,0.0,0.0,0.0,0.0,0.0,0.0,0.0,0.0,0.0,0.0,0.0,0.0,0.0,0.0,0.0,0.0,0.0,0.0,0.0,0.0
166.0,Xazavian Valladay,0.0,0.0,0.0,0.0,0.0,0.0,0.0,0.0,0.0,0.0,0.0,0.0,0.0,0.0,0.0,0.0,0.0,0.0,0.0,0.0,0.0,0.0,0.0,0.0,0.0
167.0,Kenny McIntosh,0.0,0.0,0.0,0.0,0.0,0.0,0.0,0.0,0.0,0.0,0.0,0.0,0.0,0.0,0.0,0.0,0.0,0.0,0.0,0.0,0.0,0.0,0.0,0.0,0.0
168.0,Bryant Koback,0.0,0.0,0.0,0.0,0.0,0.0,0.0,0.0,0.0,0.0,0.0,0.0,0.0,1.0,0.0,0.0,0.0,0.0,0.0,0.0,0.0,0.0,0.0,0.0,0.0
169.0,Malik Davis,0.0,0.0,0.0,0.0,0.0,0.0,0.0,0.0,0.0,0.0,0.0,0.0,0.0,2.0,0.0,0.0,0.0,0.0,0.0,0.0,0.0,0.0,0.0,0.0,0.0
170.0,Hassan Haskins,0.0,0.0,0.0,0.0,0.0,0.0,0.0,0.0,0.0,0.0,0.0,0.0,0.0,0.0,0.0,0.0,0.0,0.0,0.0,0.0,0.0,0.0,0.0,0.0,0.0
171.0,Ellis Merriweather,0.0,0.0,0.0,0.0,0.0,0.0,0.0,0.0,0.0,0.0,0.0,0.0,0.0,0.0,0.0,0.0,0.0,0.0,0.0,0.0,0.0,0.0,0.0,0.0,0.0
172.0,Derek Parish,0.0,0.0,0.0,0.0,0.0,0.0,0.0,0.0,0.0,0.0,0.0,0.0,0.0,1.0,0.0,0.0,0.0,0.0,0.0,0.0,0.0,0.0,0.0,0.0,0.0
173.0,Lew Nichols III,0.0,0.0,0.0,0.0,0.0,0.0,0.0,0.0,0.0,0.0,0.0,0.0,0.0,0.0,0.0,0.0,0.0,0.0,0.0,0.0,0.0,0.0,0.0,0.0,0.0
174.0,SaRodorick Thompson Jr.,0.0,0.0,0.0,0.0,0.0,0.0,0.0,0.0,0.0,0.0,0.0,0.0,0.0,2.0,0.0,0.0,0.0,0.0,0.0,0.0,0.0,2.0,0.0,0.0,0.0
175.0,Robert Burns,0.0,0.0,0.0,0.0,0.0,0.0,0.0,0.0,0.0,0.0,0.0,0.0,0.0,0.0,0.0,0.0,0.0,0.0,0.0,0.0,0.0,0.0,0.0,0.0,0.0
176.0,Owen Wright,0.0,0.0,0.0,0.0,0.0,0.0,0.0,0.0,0.0,0.0,0.0,0.0,0.0,0.0,0.0,0.0,0.0,0.0,0.0,0.0,0.0,0.0,0.0,0.0,0.0
177.0,Jordan Mims,0.0,0.0,0.0,0.0,0.0,0.0,0.0,0.0,2.0,0.0,0.0,0.0,0.0,3.0,0.0,0.0,0.0,0.0,0.0,0.0,0.0,3.0,0.0,0.0,0.0
178.0,Deneric Prince,0.0,0.0,0.0,0.0,0.0,0.0,0.0,0.0,0.0,0.0,0.0,0.0,0.0,0.0,0.0,0.0,0.0,0.0,0.0,0.0,0.0,0.0,0.0,0.0,0.0
179.0,Levi Bell,0.0,0.0,0.0,0.0,0.0,0.0,0.0,0.0,0.0,0.0,0.0,0.0,0.0,0.0,0.0,0.0,0.0,0.0,0.0,0.0,0.0,0.0,0.0,0.0,0.0
180.0,Zavier Scott,0.0,0.0,0.0,0.0,0.0,0.0,0.0,0.0,0.0,0.0,0.0,0.0,0.0,0.0,0.0,0.0,0.0,0.0,0.0,0.0,0.0,0.0,0.0,0.0,0.0
181.0,Hassan Hall,0.0,0.0,0.0,0.0,0.0,0.0,0.0,0.0,0.0,0.0,0.0,0.0,0.0,0.0,0.0,0.0,0.0,0.0,0.0,0.0,0.0,0.0,0.0,0.0,0.0
182.0,Henry Pearson,0.0,0.0,0.0,0.0,0.0,0.0,0.0,0.0,0.0,0.0,0.0,0.0,0.0,2.0,0.0,0.0,0.0,0.0,0.0,0.0,0.0,11.0,0.0,0.0,0.0
183.0,Carlos Washington Jr.,0.0,0.0,0.0,0.0,0.0,0.0,0.0,0.0,0.0,0.0,0.0,0.0,0.0,0.0,0.0,0.0,0.0,0.0,0.0,0.0,0.0,0.0,0.0,0.0,0.0
184.0,Jack Colletto,0.0,0.0,0.0,0.0,0.0,0.0,0.0,0.0,0.0,0.0,0.0,0.0,0.0,0.0,0.0,0.0,0.0,0.0,0.0,0.0,0.0,0.0,0.0,0.0,0.0
185.0,Tyler Badie,0.0,0.0,0.0,0.0,0.0,0.0,0.0,0.0,0.0,0.0,0.0,0.0,0.0,0.0,0.0,0.0,0.0,0.0,0.0,0.0,0.0,0.0,0.0,0.0,0.0
186.0,Javian Hawkins,0.0,0.0,0.0,0.0,0.0,0.0,0.0,0.0,0.0,0.0,0.0,0.0,0.0,0.0,0.0,0.0,0.0,0.0,0.0,0.0,0.0,0.0,0.0,0.0,0.0
187.0,Ben Mason,0.0,0.0,0.0,0.0,0.0,0.0,0.0,0.0,0.0,0.0,0.0,0.0,0.0,1.0,0.0,0.0,0.0,0.0,0.0,0.0,0.0,1.0,0.0,0.0,0.0
188.0,Avery Williams,0.0,0.0,0.0,0.0,0.0,0.0,0.0,0.0,0.0,0.0,0.0,0.0,0.0,0.0,0.0,0.0,0.0,0.0,0.0,0.0,0.0,0.0,0.0,0.0,0.0
189.0,Spencer Brown,0.0,0.0,0.0,0.0,0.0,0.0,0.0,0.0,0.0,0.0,0.0,0.0,0.0,0.0,0.0,0.0,0.0,0.0,0.0,0.0,0.0,0.0,0.0,0.0,0.0
190.0,Sincere McCormick,0.0,0.0,0.0,0.0,0.0,0.0,0.0,0.0,0.0,0.0,0.0,0.0,0.0,0.0,0.0,0.0,0.0,0.0,0.0,0.0,0.0,0.0,0.0,0.0,0.0
191.0,Snoop Conner,0.0,0.0,0.0,0.0,0.0,0.0,0.0,0.0,0.0,0.0,0.0,0.0,0.0,0.0,0.0,0.0,0.0,0.0,0.0,0.0,0.0,0.0,0.0,0.0,0.0
192.0,Nick Bellore,0.0,0.0,0.0,0.0,0.0,0.0,0.0,0.0,0.0,0.0,0.0,0.0,0.0,10.0,0.0,0.0,0.0,0.0,0.0,0.0,0.0,0.0,0.0,0.0,0.0
193.0,Garrett Mills,0.0,0.0,0.0,0.0,0.0,0.0,0.0,0.0,0.0,0.0,0.0,0.0,0.0,0.0,0.0,0.0,0.0,0.0,0.0,0.0,0.0,0.0,0.0,0.0,0.0
194.0,Jay Finley,0.0,0.0,0.0,0.0,0.0,0.0,0.0,0.0,0.0,0.0,0.0,0.0,0.0,0.0,0.0,0.0,0.0,0.0,0.0,0.0,0.0,0.0,0.0,0.0,0.0
195.0,Shane Bannon,0.0,0.0,0.0,0.0,0.0,0.0,0.0,0.0,0.0,0.0,0.0,0.0,0.0,0.0,0.0,0.0,0.0,0.0,0.0,0.0,0.0,0.0,0.0,0.0,0.0
196.0,Kenny Irons,0.0,0.0,0.0,0.0,0.0,0.0,0.0,0.0,0.0,0.0,0.0,0.0,0.0,0.0,0.0,0.0,0.0,0.0,0.0,0.0,0.0,0.0,0.0,0.0,0.0
197.0,Anthony Alridge,0.0,0.0,0.0,0.0,0.0,0.0,0.0,0.0,0.0,0.0,0.0,0.0,0.0,0.0,0.0,0.0,0.0,0.0,0.0,0.0,0.0,0.0,0.0,0.0,0.0
198.0,Dantrell Savage,0.0,0.0,0.0,0.0,0.0,0.0,0.0,0.0,0.0,0.0,0.0,0.0,0.0,0.0,0.0,0.0,0.0,0.0,0.0,0.0,0.0,0.0,0.0,0.0,0.0
199.0,Chad Simpson,0.0,0.0,0.0,0.0,0.0,0.0,0.0,0.0,0.0,0.0,0.0,0.0,0.0,0.0,0.0,0.0,0.0,0.0,0.0,0.0,0.0,0.0,0.0,0.0,0.0
200.0,Samkon Gado,0.0,0.0,0.0,0.0,0.0,0.0,0.0,0.0,0.0,0.0,0.0,0.0,0.0,0.0,0.0,0.0,0.0,0.0,0.0,0.0,0.0,0.0,0.0,0.0,0.0
201.0,Xavier Omon,0.0,0.0,0.0,0.0,0.0,0.0,0.0,0.0,0.0,0.0,0.0,0.0,0.0,0.0,0.0,0.0,0.0,0.0,0.0,0.0,0.0,0.0,0.0,0.0,0.0
202.0,Madison Hedgecock,0.0,0.0,0.0,0.0,0.0,0.0,0.0,0.0,0.0,0.0,0.0,0.0,0.0,0.0,0.0,0.0,0.0,0.0,0.0,0.0,0.0,0.0,0.0,0.0,0.0
203.0,Tarik Cohen,0.0,0.0,0.0,0.0,0.0,0.0,0.0,0.0,0.0,0.0,0.0,0.0,0.0,0.0,0.0,0.0,0.0,0.0,0.0,0.0,0.0,0.0,0.0,0.0,0.0
204.0,Corey Clement,0.0,0.0,0.0,0.0,0.0,0.0,0.0,0.0,0.0,0.0,0.0,0.0,0.0,2.0,0.0,0.0,0.0,0.0,0.0,0.0,0.0,0.0,0.0,0.0,0.0
205.0,Jeremy McNichols,0.0,0.0,0.0,0.0,0.0,0.0,0.0,0.0,0.0,0.0,0.0,0.0,0.0,2.0,0.0,0.0,0.0,0.0,0.0,0.0,0.0,0.0,0.0,0.0,0.0
206.0,Marlon Mack,0.0,0.0,0.0,0.0,0.0,0.0,0.0,0.0,0.0,0.0,0.0,0.0,0.0,2.0,0.0,0.0,0.0,0.0,0.0,0.0,0.0,0.0,0.0,0.0,0.0
207.0,Taquan Mizzell,0.0,0.0,0.0,0.0,0.0,0.0,0.0,0.0,0.0,0.0,0.0,0.0,0.0,0.0,0.0,0.0,0.0,0.0,0.0,0.0,0.0,0.0,0.0,0.0,0.0
208.0,Dwayne Washington,0.0,0.0,0.0,0.0,0.0,0.0,0.0,0.0,0.0,0.0,0.0,0.0,0.0,4.0,0.0,0.0,0.0,0.0,0.0,0.0,0.0,1.0,0.0,0.0,0.0
209.0,J.P. Holtz,0.0,0.0,0.0,0.0,0.0,0.0,0.0,0.0,0.0,0.0,0.0,0.0,0.0,1.0,0.0,0.0,0.0,0.0,0.0,0.0,0.0,0.0,0.0,0.0,0.0
210.0,Myles Gaskin,0.0,0.0,0.0,0.0,0.0,0.0,0.0,0.0,0.0,0.0,0.0,0.0,0.0,0.0,0.0,0.0,0.0,0.0,0.0,0.0,0.0,0.0,0.0,0.0,0.0
211.0,Jason Cabinda,1.0,1.0,0.0,0.0,0.0,0.0,0.0,0.0,0.0,0.0,0.0,0.0,0.0,5.0,0.0,0.0,0.0,0.0,0.0,0.0,0.0,0.0,0.0,0.0,0.0
212.0,Godwin Igwebuike,0.0,0.0,0.0,0.0,0.0,0.0,0.0,0.0,0.0,0.0,0.0,0.0,0.0,7.0,0.0,0.0,0.0,0.0,0.0,0.0,0.0,2.0,0.0,0.0,0.0
213.0,John Kelly Jr.,0.0,0.0,0.0,0.0,0.0,0.0,0.0,0.0,0.0,0.0,0.0,0.0,0.0,0.0,0.0,0.0,0.0,0.0,0.0,0.0,0.0,0.0,0.0,0.0,0.0
214.0,Nyheim Hines,0.0,0.0,0.0,0.0,0.0,0.0,0.0,0.0,0.0,0.0,0.0,0.0,0.0,0.0,0.0,0.0,0.0,0.0,0.0,0.0,0.0,0.0,0.0,0.0,0.0
215.0,Brennan Clay,0.0,0.0,0.0,0.0,0.0,0.0,0.0,0.0,0.0,0.0,0.0,0.0,0.0,0.0,0.0,0.0,0.0,0.0,0.0,0.0,0.0,0.0,0.0,0.0,0.0
216.0,Willie Carter,0.0,0.0,0.0,0.0,0.0,0.0,0.0,0.0,0.0,0.0,0.0,0.0,0.0,0.0,0.0,0.0,0.0,0.0,0.0,0.0,0.0,0.0,0.0,0.0,0.0
217.0,Tim Flanders,0.0,0.0,0.0,0.0,0.0,0.0,0.0,0.0,0.0,0.0,0.0,0.0,0.0,0.0,0.0,0.0,0.0,0.0,0.0,0.0,0.0,0.0,0.0,0.0,0.0
218.0,Jonathan Williams,2.0,1.0,-2.0,-2.0,0.0,0.0,0.0,0.0,1.0,0.0,0.0,0.0,0.0,1.0,0.0,0.0,0.0,0.0,0.0,0.0,0.0,13.0,0.0,-0.2,-0.2
